image_id,true_label,predicted_label,confidence,fitzpatrick_scale
bfc315168142801f1a65db7f7479292f,photodermatoses,nematode infection,0.496,3
953fc11a065ceada5e561f8e315cd9d0,lichen planus,lichen planus,0.5728,1
e36a4c4eec75df99bd208175e4279e50,squamous cell carcinoma,keloid,0.4144,5
6625276baf2b7c9a43dc3da4b22e6389,scleroderma,granuloma annulare,0.2167,2
442286d7bcb57c1d39b134f12a181184,kaposi sarcoma,nematode infection,0.2745,2
b47bf4fc9b437c30fdecb87a4043f359,erythema multiforme,tungiasis,0.4359,3
593c544bf75684c898826405ab9b3971,basal cell carcinoma,basal cell carcinoma,0.8692,4
02f01711b3f9bc5466b20ba7fff51d02,tungiasis,tungiasis,0.7806,2
c8e15692cc70579b3ca3b0cf8236ac0d,melanoma,melanoma,0.7474,2
d35fe413c94b9ed5320b6ab72c72ee45,scleroderma,photodermatoses,0.5462,1
c44e25fd99c63aff7bf21ccb01e9330a,folliculitis,allergic contact dermatitis,0.492,3
8d174b4b3e6f130f7e3d337a7c441b55,mycosis fungoides,ehlers danlos syndrome,0.3201,5
54edd4d0ecd7dcdbce912d1d51f85580,lupus erythematosus,lupus erythematosus,0.764,2
2abba7fd9b90b2186d88cabefae47046,squamous cell carcinoma,squamous cell carcinoma,0.6686,2
4213b1f75d491c3b253975caed41d6de,basal cell carcinoma,basal cell carcinoma,0.8234,2
4acc368e8860055969c3bf9e2051a468,scabies,scabies,0.898,4
140fbdb0df287ada56fbf94214d1e30c,dariers disease,dariers disease,0.7113,3
bedab7ff5d78505e993b8fe9f11ebfab,lichen planus,lichen planus,0.9403,1
df9dabe21b3d9f8bde5faad243d18cb2,nematode infection,nematode infection,0.828,2
e91ce676248e27a0ad4a83fbf77e917f,keloid,granuloma annulare,0.5452,5
22951972e56cf7574ccd1bbe6a45765a,melanoma,psoriasis,0.4661,1
624ea4699ff36103f7eb2c040b4933fe,basal cell carcinoma,basal cell carcinoma,0.7283,2
eff77fd7233b35c28834d34e258964c1,hailey hailey disease,hailey hailey disease,0.94,1
109ac254a9dfbe1f7ed3308081480697,granuloma pyogenic,granuloma pyogenic,0.8149,2
880e479bf2a58833aae3826a5be39125,lupus erythematosus,lupus erythematosus,0.7791,1
f0c14116d7d5ee9c29a43d1ad073ec0f,kaposi sarcoma,kaposi sarcoma,0.8851,1
12b221f225861580202e6f10994c8337,vitiligo,vitiligo,0.84,5
0c37d4b561d3d0a756a511714c642aa2,allergic contact dermatitis,allergic contact dermatitis,0.8422,4
36f988ad5f5b0966e4e68e5d50eba78f,scabies,scabies,0.854,-1
fbc6e687623b68272d001ffa8762a5e4,pityriasis rosea,pityriasis rosea,0.6905,5
a7d47cb7feead82596e930e692c998fa,squamous cell carcinoma,hailey hailey disease,0.4438,1
6262e96815fe1967ac00fea683647238,scleroderma,scleroderma,0.8394,2
77a1faa5a80223531e595d5b6f20d131,erythema multiforme,erythema multiforme,0.8472,2
4bdc2d64e53629f979a15fd66a6082f2,lupus erythematosus,lupus erythematosus,0.629,4
72430e826363a44a2f9d5dd7e88aed64,basal cell carcinoma,ehlers danlos syndrome,0.2189,4
9bfb3777fbfe372a890ce8ad2fe29d31,mycosis fungoides,keloid,0.4341,1
4916274a53cc312271392ce25527fcc7,scabies,scabies,0.8798,2
9c98f36a6fcf2f246bf8ee3f3ef444b3,kaposi sarcoma,keloid,0.1359,3
b19279710e72cba26ed412e457797098,psoriasis,psoriasis,0.5559,1
5eaeaa69042a197939cfa14c931383da,folliculitis,vitiligo,0.5867,4
d0afc6372750cc431b438f4d67ad36ef,lupus erythematosus,ehlers danlos syndrome,0.537,4
d7c15764c5a698f47809c97f8836d442,squamous cell carcinoma,dariers disease,0.2596,2
d6d9e33a303cf6c6c56a93bf82ec53ce,erythema multiforme,erythema multiforme,0.6757,1
6f7688a8f7f75e0a32336402f45df652,psoriasis,psoriasis,0.4401,2
9597f9e1b2ea22af2298b93fe7dfede7,psoriasis,kaposi sarcoma,0.4217,3
59fed3f27ebb81c0be581f47a33d4e65,squamous cell carcinoma,squamous cell carcinoma,0.9653,2
85a8a6ef8cd463af63154b3bcdc61bda,psoriasis,psoriasis,0.5568,2
7cadfa5af0ac596f76ab9fb727a8342a,granuloma pyogenic,granuloma annulare,0.8327,3
f58416dd5661375a0c157ab1bcacd62d,lupus erythematosus,lupus erythematosus,0.6065,2
61476bff344f64f26b8a946403681ffb,folliculitis,folliculitis,0.6899,2
cd12cedc926b8e738da66bd973c187bf,folliculitis,folliculitis,0.6891,3
f52e0c86106999931be858599426e648,neutrophilic dermatoses,neutrophilic dermatoses,0.7854,2
296bb17c60f7d408b4f37ed56856a930,hailey hailey disease,hailey hailey disease,0.7287,4
d29155fd95d0a6315a2ed26c0ca5bc20,nematode infection,nematode infection,0.8468,2
ab363d26f22ec9115578071992af5590,psoriasis,psoriasis,0.6288,2
feb0fe90d1586585752a57f737bbc580,folliculitis,lupus erythematosus,0.0736,2
b3b61643e0adb72202dad15648bf0d97,folliculitis,myiasis,0.4096,5
5780ebf91e615b887520a0959cc11b43,psoriasis,psoriasis,0.8782,2
c12375fa8da3696e9198df1fd74703c1,melanoma,melanoma,0.6941,1
c52797944da25a2d8f1d33c576c55925,scleroderma,scleroderma,0.834,4
4f51e2dac067d3879569f07b02b11e47,ehlers danlos syndrome,ehlers danlos syndrome,0.6494,3
169283bd881804c54d2c0820eb655861,neutrophilic dermatoses,neutrophilic dermatoses,0.7855,2
052963515e6a99d2a7f21d08926e2ca2,neutrophilic dermatoses,neutrophilic dermatoses,0.8812,2
46409faa46521c676c8e1c3c3330704b,melanoma,psoriasis,0.3007,3
a4280c9e0cd2206daf06d3ab32bc4a51,keloid,keloid,0.8262,5
d7f89800ef5657b28c9691d96a547bfd,granuloma annulare,lupus erythematosus,0.2522,5
e64510bdbfd6ea6c6cee723c055e1b50,squamous cell carcinoma,squamous cell carcinoma,0.7138,1
db091a9ccb30661ccbd4e4d69f3054ee,folliculitis,folliculitis,0.5517,-1
52658d843641cd217bf61efc2ed41749,squamous cell carcinoma,pityriasis rosea,0.3028,-1
7514d535eb34fa9f0494541eca764f24,lichen planus,lichen planus,0.5604,1
836f1defcf422295cbb2f4b1f045947a,kaposi sarcoma,nematode infection,0.2438,3
81a3bf5fe270e5edc15e08250ac7f466,lichen planus,granuloma annulare,0.0979,4
f1979b9bf4e026d9204bf15e85984c47,melanoma,kaposi sarcoma,0.3547,4
125842e1870ae0f3b77a57f228da33fc,melanoma,psoriasis,0.5149,1
9c50e58771f167461848163614b72ffb,scleroderma,allergic contact dermatitis,0.6901,3
ebdbad96b2f94029170f0c5566238e45,photodermatoses,photodermatoses,0.6199,2
6c8caad8bca3a6fe714165d2f24f6b9d,photodermatoses,photodermatoses,0.6085,1
3947353ffccd2462483f9ba8e8f1258a,granuloma annulare,granuloma annulare,0.7519,5
aba2c3ec9c4fba92da45793c80e87a2c,basal cell carcinoma,basal cell carcinoma,0.639,4
7d7f3ffa75a7915fbafdd5998f5970ae,hailey hailey disease,photodermatoses,0.24,3
4b6e28d38197e3e0ea167421dc6d21fb,keloid,vitiligo,0.025,1
7b5afdf99bbd516b44cdf728e1850bbb,lichen planus,folliculitis,0.5784,5
26d9388aacb98342ee2dd01c14c41e99,neutrophilic dermatoses,melanoma,0.4971,6
8f00177862cb143ca7effe4d6f57a104,basal cell carcinoma,basal cell carcinoma,0.4917,3
b25ac7509e6fddb84e73f42029bc413b,squamous cell carcinoma,squamous cell carcinoma,0.7015,5
cd3b917ca712c7e6561637b1dab4ed96,squamous cell carcinoma,squamous cell carcinoma,0.873,-1
e1d30846f71f8cb70d493ef44c9ed9c3,dariers disease,pityriasis rosea,0.3028,2
a49d9495e70d8f4375b9dd69a3fecfd7,neutrophilic dermatoses,neutrophilic dermatoses,0.6894,5
1bdfaf5ac7111114800b66f5b371ebb0,photodermatoses,photodermatoses,0.4861,4
8c9ddef2b169af898e0942daab45177a,allergic contact dermatitis,allergic contact dermatitis,0.8838,1
d0587ad9836edbc8ca357ad53b8f9826,myiasis,myiasis,0.9497,2
0aed5146b540fb4475bc52318c3a38b9,photodermatoses,photodermatoses,0.4521,2
766c1d5852612dda5de7a1ba853e9489,kaposi sarcoma,hailey hailey disease,0.2861,5
e3dd14c5f84009f55e60145725b7f7a3,scleroderma,mycosis fungoides,0.5632,1
ed6b8b64319e75b9de6bb8dc79f54d4b,lichen planus,lichen planus,0.7947,3
a15505526ad3b3feeaf4c6e59128b1a8,allergic contact dermatitis,allergic contact dermatitis,0.8351,2
371ed39eef04c027fc451e0a8557868b,psoriasis,psoriasis,0.772,2
6a497fe1215168dead18364cc9d1c954,scleroderma,scleroderma,0.9531,2
07360bff59d68a64fe7e279625a4bbd4,squamous cell carcinoma,neutrophilic dermatoses,0.7133,3
9cb2663a9e6732c885db01212f4f233f,photodermatoses,photodermatoses,0.6608,2
c3d233696079e886f7468c997ff2337b,psoriasis,scleroderma,0.1113,4
78eb7aab13df6fff70926402e1eddbbe,lichen planus,lichen planus,0.8757,3
3741b8a8ff7b38da7204810ead3aba9f,keloid,tungiasis,0.2439,6
94277db28200d47b7e18913ef22618ec,nematode infection,nematode infection,0.8301,3
480fd80167d7865ce9aafe14aba4ec9d,melanoma,melanoma,0.615,5
bcc9120c49a88f03940d0171d4c4e02a,vitiligo,vitiligo,0.9797,4
e4814247b02ab9b40787ef7646075f54,folliculitis,folliculitis,0.7305,3
f223a3c863e7a2e71487ed2729a08321,neutrophilic dermatoses,melanoma,0.3272,2
7689c9b4a38392e45c688cad15252e8e,kaposi sarcoma,hailey hailey disease,0.4514,5
815c2603e5d3dbc63c2bd01478a16a5a,hailey hailey disease,hailey hailey disease,0.8231,1
c640d6026793bee483aa689238a568b9,lichen planus,melanoma,0.2816,4
08d902368cddeb593b139629ef3d46fd,nematode infection,nematode infection,0.6887,2
be3f37f6ecf686e56b3df0b8b1b076ac,hailey hailey disease,hailey hailey disease,0.7664,3
c9f9786dc2a70094fe2ca0d13de5dfa1,nematode infection,scleroderma,0.3807,3
80b773a62ee96138a40cc57435bf7606,granuloma annulare,granuloma annulare,0.9367,2
8babc8e9dd502006beeba0a90f3df043,folliculitis,lupus erythematosus,0.072,3
2ce6ab377d9b4c84373dac95025aa1c6,keloid,keloid,0.6861,1
dfd1c22bcf83c12ddfcc9dc1355416e2,neutrophilic dermatoses,scleroderma,0.1264,3
e2e073777fa1c292de05c1856fdfdbc3,erythema multiforme,erythema multiforme,0.5997,1
145e726d1dcb0199a1c646e6a7f0714f,scleroderma,scleroderma,0.7798,6
b87189437f6c0711b50b7eaed0a4774a,photodermatoses,lichen planus,0.171,2
0d4fe1d80c6ba4ea06e5c2f90b093f22,folliculitis,folliculitis,0.8525,3
f3cddc34b87cddaa9266399cbc8a22f2,scabies,melanoma,0.161,3
3a0a2988017e41ff7791135332790fe4,granuloma annulare,allergic contact dermatitis,0.6969,3
4679b902e2740994ec8c4829d7cc4320,nematode infection,nematode infection,0.8926,2
a443db67a6eb02213a5af761ef634d91,keloid,keloid,0.3194,2
e15211e66c71b025b9add197313cd5e2,kaposi sarcoma,kaposi sarcoma,0.9498,1
1914e3c00a7d0bb468c53a67c18165b8,granuloma pyogenic,folliculitis,0.5394,3
6fa192112fdaeff206ca488a7ee1d3d7,psoriasis,psoriasis,0.5043,5
61d1806484e25c89791708de5cb1e47e,scabies,lupus erythematosus,0.4338,-1
56d20a24a870a7da04d1c8135715799d,neutrophilic dermatoses,neutrophilic dermatoses,0.7087,3
ea5648a14a8e056d04c8ea29979b6423,squamous cell carcinoma,myiasis,0.1745,3
febd71380d3b0d74982030f888779412,ehlers danlos syndrome,neutrophilic dermatoses,0.3979,4
d537cd4a10a9bac64f57e805694f65a4,pityriasis rosea,pityriasis rosea,0.8709,2
59237ce8111557f76f39ccc694700b0b,keloid,granuloma annulare,0.1589,5
f0c840b4305ca3cc1e1991134a106cf5,lupus erythematosus,psoriasis,0.3167,2
1560144080a58958e60f959e394e0447,psoriasis,psoriasis,0.8499,5
7e13446fb580d526839610d24614b93d,squamous cell carcinoma,squamous cell carcinoma,0.93,3
0bd64a95836686a992a1e4e57c06a21d,pityriasis rosea,pityriasis rosea,0.5936,4
a5ab69f0fec47fd134571b4ed4077e0d,psoriasis,psoriasis,0.8958,4
8e865fd366d1ef5636ac95814e61fb0d,squamous cell carcinoma,squamous cell carcinoma,0.5436,3
00f1b7bb9581e91250a2bb224c3321b8,melanoma,mycosis fungoides,0.8007,4
c8f2e70de27ec0f45e7cd3774e86f076,melanoma,melanoma,0.9158,2
068c781ecd865a08a49847c291f8da18,lichen planus,granuloma annulare,0.4236,4
8199d266f46924d27953358cba33ce55,hailey hailey disease,hailey hailey disease,0.9593,1
d51c10be4f53b7048fa3bd36e69c0322,dariers disease,dariers disease,0.9746,1
da44dfe7542fae98d719847a09822777,squamous cell carcinoma,melanoma,0.6246,3
1ff8de263d66d65f021bbd13e83d9c17,pityriasis rosea,myiasis,0.09,4
29f19e55aa48a4f06d5cf270bdc608bb,psoriasis,ehlers danlos syndrome,0.3334,4
59590ce6f167203c6478ee52d775e8e5,basal cell carcinoma,basal cell carcinoma,0.9655,2
65622d9d5904ab4b615cd3b754dddda2,scleroderma,scleroderma,0.3832,6
3028c091dea3db00b7d5f01dce96268d,kaposi sarcoma,granuloma pyogenic,0.5759,2
ee93be8080b3d5f5535f4e4273033bb1,melanoma,melanoma,0.784,2
f7f54b32394916154c118e07234fee4b,kaposi sarcoma,myiasis,0.3803,2
4f6b510027a985c36c913daf71a02bad,hailey hailey disease,myiasis,0.5731,3
6c44eaf42cb3c29b2aa888048e980dcf,squamous cell carcinoma,vitiligo,0.2398,4
0be7804d07b504138d889211ad7829e0,psoriasis,psoriasis,0.6434,4
21a756339ed349d808281102fc82f6e3,psoriasis,scabies,0.7611,2
c8ab00cb0923b66cb509fffafa1374bb,neutrophilic dermatoses,neutrophilic dermatoses,0.7207,2
96a8bcd7d056b023ee012e5d5c362d42,nematode infection,nematode infection,0.7629,4
6454800e31a16b2abc6c97fe3582faf3,keloid,granuloma annulare,0.5716,4
deb015c236a19812c7c566c778b30337,squamous cell carcinoma,squamous cell carcinoma,0.5729,-1
a67be91b107a1f01622e9fd77224decb,tungiasis,erythema multiforme,0.6875,1
6cd1248e28fbe67d098569b7ac59511b,nematode infection,lupus erythematosus,0.6647,3
4b50b2118ed292387831348657fbfc2b,photodermatoses,photodermatoses,0.856,2
009c75339a21bb84a6425be6a95938d6,mycosis fungoides,dariers disease,0.3976,3
67fcd9aa39ad7180f8258920a3f2776b,nematode infection,nematode infection,0.7981,3
e89c3964e21e13fbd832f844f6a2bc6e,basal cell carcinoma,basal cell carcinoma,0.7152,3
bde6bf836eb6f46390155c76693a5321,scleroderma,scleroderma,0.8571,2
f528a2d620dbe5e3348b3ff18a9f7d52,scabies,scabies,0.7473,2
73b52cc05fe6eee2372b7621951b82cc,kaposi sarcoma,kaposi sarcoma,0.9714,-1
ebf986f961b3210d48d38156fe09d66f,ehlers danlos syndrome,ehlers danlos syndrome,0.7597,6
df41f4d897e0a7b7939d987987eeac50,lupus erythematosus,nematode infection,0.1515,1
dcc3b36fe44d4ca36cd67f135b252429,hailey hailey disease,hailey hailey disease,0.6585,2
e5f5a6b8a509d4240eea324137d18567,psoriasis,psoriasis,0.6273,1
fd46dc147ae8a716263ef40f5155f78c,ehlers danlos syndrome,vitiligo,0.4134,5
c6d0a9b8be9f0062e7dbde188c639e9b,keloid,basal cell carcinoma,0.2986,4
4c731419c06a0d56f81cb03929783d38,basal cell carcinoma,basal cell carcinoma,0.6085,-1
7eb03b3a4f3dc0b23ee4aeccefa62b96,neutrophilic dermatoses,neutrophilic dermatoses,0.6606,3
1557d6d2f0fc3e8bce5adf59af001a0e,scabies,scabies,0.744,1
2710ad6224839c2055988e73889a46eb,lupus erythematosus,folliculitis,0.3785,3
c7069d5f02bf984a85632695995fe410,photodermatoses,photodermatoses,0.7164,1
4419a70af402038992af04e1b3bb534a,allergic contact dermatitis,erythema multiforme,0.5023,3
733d1ca7a5030a545c810d651660d362,neutrophilic dermatoses,neutrophilic dermatoses,0.7218,4
4afc8bd1949f3ada9a015ae0c8a8af9d,hailey hailey disease,hailey hailey disease,0.6769,3
5878a695f97382d91e91d7979584139e,erythema multiforme,erythema multiforme,0.7874,4
4f41f884ef6c2cddf363d3fabcb329a2,lichen planus,erythema multiforme,0.4381,4
99c823f225ffda415d49b9155478faba,lichen planus,lichen planus,0.8044,2
5e9033572bac340eb0c045c18135fba6,psoriasis,psoriasis,0.7895,2
f563950a61de5762d149f613d9bbe80f,photodermatoses,nematode infection,0.2412,3
67b42108e4ea28e8081945581fe50114,myiasis,myiasis,0.7755,-1
943a5ffcd4da3122732edad290533470,melanoma,granuloma pyogenic,0.447,2
567e34fda94c9f3b8741c3cc725f5003,photodermatoses,lichen planus,0.1596,4
fbb0ef843941f6edc7a270511d02006a,lichen planus,mycosis fungoides,0.2704,5
06a115489fe38fb1549115b8aa5b96d4,granuloma annulare,kaposi sarcoma,0.4376,4
b68bb100a266f5d478bfbc0d683ab2cf,scleroderma,scleroderma,0.8414,4
95ff3504d78056214a6fb1a8a3f43b82,psoriasis,psoriasis,0.7445,2
35f39fa464b0e5181cc1d11db9cfe297,psoriasis,psoriasis,0.7273,2
2758b5c34a69934352fd535a0ee732fa,lupus erythematosus,lupus erythematosus,0.743,6
8db579bfa9c9b4ce76d309335c286ff9,psoriasis,keloid,0.3125,2
0cdd4a4c049f415306cfb38f3cbc46c7,vitiligo,vitiligo,0.8909,4
d8607d80d3f61919114def74f1ead0c0,psoriasis,psoriasis,0.8442,2
37de8e0406609884c1140bf660798d40,melanoma,hailey hailey disease,0.5352,5
9b6fe93d271142f4f29eb9d117276110,psoriasis,psoriasis,0.8628,1
46ca6ec5cac876f8ee126cd076ff26b1,lichen planus,hailey hailey disease,0.1362,5
003e6abf20d234221a41b528b946e90c,scleroderma,scleroderma,0.7678,1
376ed7d598dfee66f6d178c4ddeefcc1,keloid,keloid,0.7331,1
d981688b62e7dc10c39869ef0a2d2ea6,lichen planus,lichen planus,0.4463,5
b5bcb06aefd80d36098e7155d0af642b,psoriasis,myiasis,0.4914,3
04437cd3092a8922dc9af8100d350431,kaposi sarcoma,kaposi sarcoma,0.8691,4
846947c9dce425dae8a40ea12ee1cd53,lupus erythematosus,lupus erythematosus,0.9317,4
42163006ae56e5090531b963e86236c7,scleroderma,scleroderma,0.75,2
398772c942db8356a718b2f964289af5,vitiligo,dariers disease,0.3077,4
bc1384c77a7efc91b35dc13638507677,dariers disease,dariers disease,0.7744,-1
af2a68fe083b47f59589f2096043aa39,squamous cell carcinoma,squamous cell carcinoma,0.8997,2
cc51c6979e02359fea44e4c7eeb4aee5,basal cell carcinoma,basal cell carcinoma,0.9454,3
248e998e641ed76848715deea6a2b94a,erythema multiforme,erythema multiforme,0.825,2
c4661ae90f74af86143c4e32f2b4495f,lupus erythematosus,lupus erythematosus,0.8862,3
2b1d6c4f83524d2e9a0047053986b6a3,squamous cell carcinoma,squamous cell carcinoma,0.7659,2
804e4c0afb2cc153fe6c9dc7e83028c3,granuloma annulare,granuloma pyogenic,0.1937,2
413cba5addf89330d933baf41663cb18,neutrophilic dermatoses,scabies,0.4091,1
892dcca0c495a266629c372059a26d00,ehlers danlos syndrome,hailey hailey disease,0.0653,5
9698f02be0a62ee1bef0032349d00af6,neutrophilic dermatoses,neutrophilic dermatoses,0.5867,6
55f69965ecea816e4e8394f7d3ef6f39,granuloma pyogenic,keloid,0.3395,3
c52452ece9228447bd79aeb811360b82,neutrophilic dermatoses,tungiasis,0.0664,3
95c004cc4ef4eff26861698463f19262,melanoma,melanoma,0.7802,1
7189734192a159e6e8d153180e0f40e3,tungiasis,vitiligo,0.4987,3
e177c1b1ca76aebe0cb5c990d1bff462,scleroderma,scleroderma,0.9146,6
0d4f2d1610e4a7ba1c56a832f4ac499c,squamous cell carcinoma,squamous cell carcinoma,0.9324,-1
4314e44d1afe191afc05172836f5f81a,psoriasis,scleroderma,0.4309,4
a87fe12853e17b4d06b74ecbd4928e34,scabies,scabies,0.6155,3
8c2012b040cd3002296fb71f345262cb,squamous cell carcinoma,squamous cell carcinoma,0.9563,2
44add0b7eae1d922aebf98c3369fd6d2,lupus erythematosus,lupus erythematosus,0.7586,1
c0d06676d4d7c392e4b74c7f6a7631f1,lichen planus,lichen planus,0.8245,4
8befc3a0c8600e273977e3a8888a802f,basal cell carcinoma,basal cell carcinoma,0.8521,2
6756421ff9272a68082ca2508de2b1fe,scabies,basal cell carcinoma,0.0725,5
213877be1a20cbc68975c1e43644f1d9,keloid,keloid,0.7051,3
4e0c00bced488a3a8a1509270f32763b,lupus erythematosus,lichen planus,0.5711,2
f82097f6c322c7a85000d263e3d394c4,allergic contact dermatitis,dariers disease,0.4753,2
c3994c3b7fc8f7f537ce70972618c80d,squamous cell carcinoma,tungiasis,0.4395,2
37bbd5252040e26b37184a54feda5286,kaposi sarcoma,kaposi sarcoma,0.9377,6
6fdbddb630dca12051aa46f7da98f732,hailey hailey disease,hailey hailey disease,0.8777,2
8ddc481d9eddbbabe47303733fc9a2d9,pityriasis rosea,pityriasis rosea,0.376,2
f228b0ed53a49770f269da5f3ee131c5,vitiligo,kaposi sarcoma,0.1776,6
e19b53c65619927a9815572897dc7456,lupus erythematosus,lupus erythematosus,0.719,2
d4bdef0e9d5204813c2c6f2aaa06e9c9,neutrophilic dermatoses,neutrophilic dermatoses,0.8735,2
d56ba633ceb813221c53efdf640b2ae9,allergic contact dermatitis,ehlers danlos syndrome,0.6838,3
e1dd242abfe4773794543f690ed99916,scabies,nematode infection,0.2126,5
c465d8b7a4273c618cea01568be5299a,squamous cell carcinoma,squamous cell carcinoma,0.98,6
c47956fb38dce0a374ac48a00ab0d018,scabies,scabies,0.7933,5
de70e5312cdd170083f0635e1571f4ca,psoriasis,psoriasis,0.8343,2
1819beee65e4cd630736f3542ce6a586,squamous cell carcinoma,squamous cell carcinoma,0.893,3
723a7fefa1542a21e78c89bb9d93e43d,scleroderma,vitiligo,0.0385,3
d20c3fdf9a89dcc7e989ff37d98d5aa2,nematode infection,scleroderma,0.7594,4
de45252a8acc121beebc7866ba53c3db,granuloma annulare,granuloma annulare,0.7767,4
8a0a496bc5809788b6227bd3f873b835,myiasis,basal cell carcinoma,0.3006,-1
74a589516cc87d39ec8ffe69047ff668,psoriasis,allergic contact dermatitis,0.3488,4
064964a7ed462b114d9ab6a7111caef7,mycosis fungoides,mycosis fungoides,0.4857,3
f2de82ed0db57dfb1f44a47c78a92838,neutrophilic dermatoses,neutrophilic dermatoses,0.7804,1
17aaa793c130f66106a8fbe6a789ba31,neutrophilic dermatoses,neutrophilic dermatoses,0.84,5
77c8889c5b1f7ed6df703cb73296d60a,psoriasis,psoriasis,0.9116,3
373e2e3c33c630cda172e53ccab0ce0c,nematode infection,nematode infection,0.7281,2
2c6a3cdcfddebd9854b241536dbb899c,vitiligo,pityriasis rosea,0.3819,4
eeb17db24a41dbaeab9cf8ebc9507e86,mycosis fungoides,scabies,0.3623,2
42ca868d015f5b088e3bfbd28db1621f,squamous cell carcinoma,granuloma pyogenic,0.5012,1
d2e96d346577a155b0125dda66b16395,basal cell carcinoma,hailey hailey disease,0.4317,1
faf2bea7e796f71d1661dd5d75d8454e,vitiligo,myiasis,0.4239,2
053a5ee87f2fc71f07e99a25fd379210,basal cell carcinoma,erythema multiforme,0.6355,3
834190d571d0acbd3f4d2ecf2a1c1211,vitiligo,vitiligo,0.9047,5
4173d5a2337e044eaced6778c34be2ea,melanoma,melanoma,0.799,-1
d00220884de83da59f1ad9ee18d9c14a,erythema multiforme,erythema multiforme,0.8873,2
b8d232b7657430155cc7b0f7b5083668,tungiasis,basal cell carcinoma,0.3978,-1
b181c74f732db9fa380e5d6fdd9f344b,nematode infection,nematode infection,0.7919,2
a73c5ecd524b5510f0b7892b3b7d1801,psoriasis,folliculitis,0.5516,2
9aac8fefb791c2ccf112c799b3d0c5b5,allergic contact dermatitis,allergic contact dermatitis,0.797,2
68d7527c6071850ec7789c86a16bc5be,photodermatoses,ehlers danlos syndrome,0.4278,2
526ba1bbe725d337d98c344343238523,hailey hailey disease,hailey hailey disease,0.7426,2
f198aaf1f0550c2464b285454d34926e,myiasis,myiasis,0.6585,3
1d33a867f2bee5710e7cd33d77165355,pityriasis rosea,pityriasis rosea,0.2421,4
8cefc20bd1c5d5282789e21bd2ae2fde,tungiasis,tungiasis,0.6655,2
802ac1175b149226802b7caab0497857,keloid,mycosis fungoides,0.7127,4
d56ed12ba21f8b913d314d2b1c7d5a5e,allergic contact dermatitis,photodermatoses,0.3269,2
7326d48453e23d3ec80885eb8be8614f,scleroderma,scleroderma,0.7733,2
4428b53ae2b5a1b89b55e4a6e54c8e07,hailey hailey disease,hailey hailey disease,0.799,4
7041e0d82e0d554237bd1e6dc886a81f,melanoma,neutrophilic dermatoses,0.1284,5
86e1fcd26cd823b7b9d2fa717d4165b3,neutrophilic dermatoses,dariers disease,0.408,5
99905eb67fcdda0b9d16b7f8850d5166,allergic contact dermatitis,allergic contact dermatitis,0.7696,1
86daed3da4e51798b6054baba3377f41,keloid,keloid,0.7904,1
6258560e40f1a3e959917f73432ed7bd,psoriasis,psoriasis,0.899,4
6bb966643b6a6f29047114b667aca8ec,folliculitis,folliculitis,0.7006,2
8fae0475318c07275b726a4f5bdab9ab,scabies,photodermatoses,0.2327,3
883c52efe2de545e2907b2fd2d6653bb,squamous cell carcinoma,squamous cell carcinoma,0.2548,3
98280785c17860f879d21525a92af31f,basal cell carcinoma,basal cell carcinoma,0.9739,4
0a0e21f413499ad85018f7fa0df3efe2,myiasis,basal cell carcinoma,0.6278,2
697b3aac9b7b20f2679c56eb4d783b60,hailey hailey disease,hailey hailey disease,0.9836,2
34bc7f5eae9bd2c8789f3e51a801fe35,lupus erythematosus,lupus erythematosus,0.9187,5
72c70306aace54ba95d9e65eae05f7eb,folliculitis,folliculitis,0.9127,5
f9d2b42b1b45d701e1332c35105f9b57,lupus erythematosus,tungiasis,0.5458,4
e969d2602934e10e0e174749e66d2d99,granuloma pyogenic,lichen planus,0.1978,3
fbeb40eaa1d07fcd98d9495d089051ae,hailey hailey disease,hailey hailey disease,0.9077,3
70552003667d07aa5cd051a81caca2cf,allergic contact dermatitis,allergic contact dermatitis,0.8384,2
4945aac2e037bf9d81db64dfdd8d28d4,ehlers danlos syndrome,ehlers danlos syndrome,0.8447,2
e0ac845fa298f28a3e0bdee820640c85,scleroderma,hailey hailey disease,0.6958,3
b497135557b96c857987ca3563cb1e25,lichen planus,nematode infection,0.602,1
ac49cb13a50ae43e831a7452f51d14fd,pityriasis rosea,pityriasis rosea,0.3333,2
62e4d321feb309000b17a1f40c6eeb2e,allergic contact dermatitis,psoriasis,0.5335,6
0c1a57f4ccd813d04a7bc1aac4d54dc4,scleroderma,scleroderma,0.8917,1
606e18bfc17fe070b53b597b96cd9791,dariers disease,pityriasis rosea,0.4059,4
90022c24071c11e07fee084bc45d5262,basal cell carcinoma,basal cell carcinoma,0.4921,2
d6d81545f82fae31bbc6f58b08057211,allergic contact dermatitis,allergic contact dermatitis,0.6726,1
13d0286bd6268e02853af62a619c8485,psoriasis,neutrophilic dermatoses,0.3488,4
de649424ecd4e4592735d2d4a6f46597,ehlers danlos syndrome,ehlers danlos syndrome,0.6645,5
15eec91359ce77aa416eed3688bbf402,neutrophilic dermatoses,neutrophilic dermatoses,0.6102,1
c96a540f3283972be74e5ff5bc1a94da,nematode infection,granuloma annulare,0.4914,3
bb88504c6d54793498b256976f10bc3e,lichen planus,scleroderma,0.3711,3
08cd3c695cd2f4d1470f3c6591d1a5ba,erythema multiforme,vitiligo,0.6474,1
42b49544799141c6f402c6f7d1fd0cce,keloid,lupus erythematosus,0.5596,4
7b6acb5f85b39cf69c39a50b10b4fb9e,photodermatoses,photodermatoses,0.9065,2
850d2a9a91a0962ca70289920314ccde,scabies,scabies,0.8362,2
c45bd584bcc04b88431a434428e9ae3e,neutrophilic dermatoses,lichen planus,0.2444,4
bb50db007a517645b895d1dde3b3714f,allergic contact dermatitis,allergic contact dermatitis,0.7139,2
390454956b7229b77a89ac1e532c952a,photodermatoses,vitiligo,0.3494,2
9b801e7d7d014ee7597948bd353d7c99,lupus erythematosus,folliculitis,0.6667,6
ca33407ab1e504ec6249e22d0436490a,kaposi sarcoma,kaposi sarcoma,0.4831,4
aebfb4a4b7eaeb406195faf9c997a5ea,melanoma,melanoma,0.7503,3
53363da74c3941a5553b3db24f1e865e,scabies,scabies,0.7152,6
13b1516460a4a30cecfc61456fc6345d,scleroderma,scleroderma,0.9431,2
785c55ea9d078d735255bf7f12f0ffaa,allergic contact dermatitis,kaposi sarcoma,0.7412,3
fa8bb2adbcaef2f9cee50dd625209d75,lichen planus,lichen planus,0.58,2
7e6c56b7130f902c4a7ee3a5ac8860e4,basal cell carcinoma,dariers disease,0.6647,2
62d97b5547a2d72d891148a4230b59ef,lupus erythematosus,hailey hailey disease,0.5118,1
e4909a22e58126fde89c47528db9199b,pityriasis rosea,pityriasis rosea,0.5412,3
2066908556f7e5bec8b37cbe22ddf533,psoriasis,photodermatoses,0.4115,3
269b46501e3c6c5d5dcef164a2293698,granuloma pyogenic,granuloma pyogenic,0.4778,3
b1cc771573f84d88836155c3d4fa9634,vitiligo,vitiligo,0.7641,2
6f43b401928ffbc1d05e5a5581e1fa77,granuloma annulare,myiasis,0.2325,1
f65ab33af43c9a896e3e3f2346e7f54d,granuloma pyogenic,folliculitis,0.6359,-1
c44a2756525afdfd56566f0dd9a37551,melanoma,granuloma pyogenic,0.3501,-1
372ea240767f218d83f905055d0d1ea5,photodermatoses,photodermatoses,0.8728,2
2fadf772b55f01cb48062fc1f4653bf1,erythema multiforme,erythema multiforme,0.8673,5
d3a460bfa3c7b968e0a9c73bdeb4d479,folliculitis,folliculitis,0.922,2
2fea6b5b90f86188f6d7532a608af27a,lupus erythematosus,vitiligo,0.6103,1
87e813a4261108754eb6c59a0d7fdc27,granuloma annulare,granuloma annulare,0.5355,3
c3d23de03f0f486c3ab83ce5ae9a86eb,erythema multiforme,erythema multiforme,0.4905,4
d1e44dae2fef82c7ec509e1cee16590d,squamous cell carcinoma,squamous cell carcinoma,0.9537,1
63fd5d71c4d396a45dc3150b0a86bc61,folliculitis,folliculitis,0.7955,2
0fd49c51591feedc864449bacda28683,scabies,scabies,0.7327,2
8534d3ef1b724639556f67a44a6e40b1,lichen planus,lichen planus,0.7402,2
ea37254f1a6c1898f56d8ce5ef7d2fe6,neutrophilic dermatoses,lichen planus,0.0608,5
1f3886a9463a8e8a8e635999387ab337,tungiasis,tungiasis,0.5929,3
6816b1ce930c32d0899a8bcaebecfac1,neutrophilic dermatoses,pityriasis rosea,0.4262,3
4cd392d99e6a02107b04de7f13266b5b,scleroderma,scleroderma,0.9117,2
b3214cd953fc247e06b1247dc83ae6d8,hailey hailey disease,scleroderma,0.3386,3
b64c3ee662fc3eb7a81120b1aa541b71,hailey hailey disease,hailey hailey disease,0.5853,4
51dd71318faffd8a93df9a6ae9efcfc5,psoriasis,psoriasis,0.9367,2
a09323dec3002dbbb039e9cf06dcdb1f,psoriasis,psoriasis,0.8251,5
40076ad3bb975a777f4ae73f872bb8ae,granuloma annulare,granuloma annulare,0.6983,2
1fc4d8bc1dd9e083a3173e7fcabc54c3,pityriasis rosea,scabies,0.7778,4
344cf83a64c8312aa83a952f87ede69e,basal cell carcinoma,basal cell carcinoma,0.8247,4
01f31beeca401ea3d4c92fa3154cfc2f,vitiligo,vitiligo,0.789,3
f0758a39abe4ef22f174aa6e68689459,melanoma,allergic contact dermatitis,0.4366,3
01df14b1cbcc49e912ad86b1aef277f2,allergic contact dermatitis,allergic contact dermatitis,0.9717,5
8f4db69f4a294524edb61b0a970c62a6,nematode infection,nematode infection,0.9615,5
23e7a2f8d4982ec143a29476e1109389,scabies,myiasis,0.0699,4
558b6378ac18ecc0c35d6b33e073d1d2,mycosis fungoides,psoriasis,0.0737,4
28afda98cfe6e58e76e1e011b7424f7c,basal cell carcinoma,basal cell carcinoma,0.8164,1
1ecd46ecb902f7b2a9e32d233968f8f2,granuloma pyogenic,mycosis fungoides,0.4888,1
a0adb0184a48aa8640c61cbbe63d1e1f,erythema multiforme,allergic contact dermatitis,0.39,2
d1c875e6a77165f9954570121a4bf7b9,nematode infection,basal cell carcinoma,0.7861,6
16231bd8487949482ab73382276749a4,hailey hailey disease,nematode infection,0.0764,4
c189dc271fd1ac6dd7c389e43129368e,keloid,ehlers danlos syndrome,0.8072,2
4eff46ba9c97e429dc688f530a4e5fbc,basal cell carcinoma,pityriasis rosea,0.3881,1
680c550d96be1cdb24984373cc23bf34,kaposi sarcoma,psoriasis,0.2274,2
87e7d8db77002dbc93e116508fd87caa,allergic contact dermatitis,granuloma pyogenic,0.4306,3
2fffc030779c4f39555af05bd6131e03,basal cell carcinoma,basal cell carcinoma,0.8558,2
e32fe1a69425eef0bfed96da60b7ea26,psoriasis,photodermatoses,0.3666,3
b87c6ccfaef515628e2eaf77024ea229,photodermatoses,photodermatoses,0.819,1
87b1960c3d41106f5c3e951e13314f43,erythema multiforme,mycosis fungoides,0.4847,5
201228749c81487cbefbea1b2768ef51,dariers disease,dariers disease,0.7394,6
8cc39bf5fdb594d4fd8dc68c1846a5d4,granuloma annulare,granuloma annulare,0.7969,1
d2aee140fdd19e511234514df6575e0c,allergic contact dermatitis,allergic contact dermatitis,0.7809,4
aa430d679ffc4c88fca562a809ef5075,lichen planus,ehlers danlos syndrome,0.5546,4
a5d24fdf40576cfdea97d809deae0156,scabies,allergic contact dermatitis,0.3511,5
3d432adbde4445535a0d38ea18cf71ef,squamous cell carcinoma,squamous cell carcinoma,0.857,5
4e8cd3941081738f8f1405aa9b7399ef,melanoma,melanoma,0.6772,2
5de466cac12c3bb6bffbf64449f28b11,psoriasis,erythema multiforme,0.1365,3
786891098d43f04f9f2370bb7c614321,basal cell carcinoma,allergic contact dermatitis,0.4763,2
001d22ff2543f95d2d38c18da0446c84,allergic contact dermatitis,allergic contact dermatitis,0.8096,2
a5cb113276e85080e8c8b984d1523182,lichen planus,lichen planus,0.9327,4
c252ff2e26f216925b98f2256aebf297,allergic contact dermatitis,scleroderma,0.3666,1
b38912a4a6913049bce0fba4f2cb656b,allergic contact dermatitis,allergic contact dermatitis,0.8393,1
7b97d32159e27f26dd4a4f9ae440bd74,mycosis fungoides,kaposi sarcoma,0.3477,3
90e8d09f2e9eddb4b70b8937f12efdd4,vitiligo,vitiligo,0.5269,4
8b8003073bc091c196eed480a08da06d,scabies,keloid,0.3624,4
c80a8a398a962af22f95e0a83947e924,scleroderma,hailey hailey disease,0.4724,1
60f79f88cbb999246aea835979d1c1db,melanoma,keloid,0.1155,2
4741e7522c50a9920560aab2e1baaf0d,folliculitis,folliculitis,0.7641,2
3f014488acf61087ab152f8dc5fac8b3,melanoma,melanoma,0.9616,4
9ff3fee45985c745d9ebbccc36e396be,lichen planus,lichen planus,0.7309,6
c52074f991a37d6570d1b82ff645a0d4,lichen planus,lichen planus,0.6287,2
f346eb4f1f16bd02e659891b65951d21,allergic contact dermatitis,photodermatoses,0.5724,2
091fbbf00816977b7f3a85ed6455b88a,scleroderma,scleroderma,0.7236,1
5e94a16de93d57a96f62c929392f383c,erythema multiforme,erythema multiforme,0.6581,3
a8d2be215e8e330c97d55ff631c608d3,photodermatoses,photodermatoses,0.9725,4
4f0460312bd9a06c8c27e83f7523cff5,keloid,keloid,0.5443,3
ba7238a41b59c7c34af5702047039833,basal cell carcinoma,basal cell carcinoma,0.721,2
d205e2b59a5fb82722a645301506a14d,erythema multiforme,erythema multiforme,0.7981,3
3aa1d79880effb1452f29153ada04536,psoriasis,squamous cell carcinoma,0.6162,4
43534ab689527642db737a5a6931993a,kaposi sarcoma,kaposi sarcoma,0.8507,4
324058346f6c359caf03c40668e080c2,granuloma annulare,lichen planus,0.4615,3
1194cfe17b436bd56e98d5deb35adc66,ehlers danlos syndrome,folliculitis,0.384,2
7bacec7de4712b11b1b02ccc4181e430,photodermatoses,photodermatoses,0.6878,1
2b3e440a698da4a7ccf592c8b5ea771c,lichen planus,lichen planus,0.7494,3
653b4e751bab947e728c8c09967f4099,allergic contact dermatitis,allergic contact dermatitis,0.9236,4
1849e5ff7c6f59ee48547eb5920b4767,lichen planus,lichen planus,0.7061,3
e3610479e792b2c3c781fc5d8e08e11b,lupus erythematosus,lupus erythematosus,0.7317,5
f5222c10a11d5fed7e0488ea24b07f44,scabies,scabies,0.8376,3
a4bd02ffa70ff94c6c0d4e8f3c412b81,melanoma,melanoma,0.6511,3
494b2c118feda18a9011fcc21311ec9d,lichen planus,lichen planus,0.5391,4
20ca84b34fafa01f4017f59e59947919,psoriasis,psoriasis,0.6806,-1
0368048b7c23363488f9068facae9e95,psoriasis,psoriasis,0.8104,2
685b9f31b2e9bf950d98d8542a955a27,psoriasis,psoriasis,0.9607,2
35859a3b8c2d945c000f8ce4766572e8,lupus erythematosus,ehlers danlos syndrome,0.4277,4
7200dfb344d1c161b36c83598445e35d,basal cell carcinoma,basal cell carcinoma,0.8462,4
cb1647be2884f3ba21775c9b95f581a4,myiasis,hailey hailey disease,0.202,4
3354d6e561d84457af0adddab4686b31,squamous cell carcinoma,squamous cell carcinoma,0.6957,3
08316bb7f1783d728d09d4c1a37a5f81,granuloma annulare,basal cell carcinoma,0.1963,5
967a8b6daeb91f97027f409fe778b714,squamous cell carcinoma,melanoma,0.3477,5
a872cc7aa5956ed1085246c27afdc7c6,folliculitis,scleroderma,0.6896,3
1bafcb23a734beb491ccf77d9243db0d,psoriasis,psoriasis,0.6943,2
f7e7fb15ba1bfabcf68bcd62528f76a8,squamous cell carcinoma,squamous cell carcinoma,0.9543,1
61dd886398067f59ad59df7e43b054db,scleroderma,scleroderma,0.8308,3
c3833afba496feeb4153ed76ff2da85d,basal cell carcinoma,vitiligo,0.8117,3
9e6034d3cde3489d99d184d18b06c24a,vitiligo,vitiligo,0.6501,3
1101f48645a2814faaa1739723dba767,nematode infection,tungiasis,0.2636,2
ca86e26ccedeb67ab344763f929d6bbb,folliculitis,folliculitis,0.7618,-1
16b5c6aa2913400ac8afcd42570a05d6,nematode infection,nematode infection,0.9981,3
38d20f98356a171a3c206985213c366b,squamous cell carcinoma,squamous cell carcinoma,0.5385,2
524aaebd1cc57cbc543f8f1c499615d4,basal cell carcinoma,hailey hailey disease,0.3697,3
c69b810bbe5c2eb7785daa9af3f2b5f8,mycosis fungoides,ehlers danlos syndrome,0.0647,5
34b96fce6c498a5b58c64227ee8b8b2c,squamous cell carcinoma,squamous cell carcinoma,0.5372,1
7be1c8689f4806ef431c75b98e42b2b1,psoriasis,psoriasis,0.8671,2
68fc91ead0d3b56fa534e2d0c43a8110,allergic contact dermatitis,allergic contact dermatitis,0.5397,1
bb197293543daa5ea73f645da7566efb,folliculitis,lichen planus,0.3477,4
44e0f40bb5f8525d9c19015926c89063,lichen planus,ehlers danlos syndrome,0.3924,5
5229f25ac393312a6d5599ad9bf7d7e2,dariers disease,dariers disease,0.6504,1
6323e7bf168cb3f170902b24cd05e8c4,basal cell carcinoma,basal cell carcinoma,0.6149,2
053ec481df72bf46c514bb5ad0479f35,neutrophilic dermatoses,vitiligo,0.1207,3
c544508bcf0798b937aad5dfc2d01605,photodermatoses,scleroderma,0.6376,1
11192bb0867db84d2a2ab4a8cf99a230,kaposi sarcoma,hailey hailey disease,0.0392,4
9a2703b526c057a1563b6579cb3024fa,basal cell carcinoma,basal cell carcinoma,0.5957,1
dc333fd69f22c5b9082503ad62a3fb55,granuloma annulare,pityriasis rosea,0.5822,4
a40c0bfbf2604b87bd2a9ba2c5e610c6,psoriasis,photodermatoses,0.3802,6
e84e4787a90ac8563d72c03f6aa0e1b4,squamous cell carcinoma,squamous cell carcinoma,0.6102,2
2f099878d4b075006456a8456544b74b,mycosis fungoides,mycosis fungoides,0.8619,4
2efc8782415f3ae0e5d5eeca02106f3c,scabies,granuloma pyogenic,0.9328,1
fd356daecf2740e664f15b74711d0c4c,squamous cell carcinoma,scabies,0.2716,2
a223d197fa849424f35d57f1e3c513a1,allergic contact dermatitis,allergic contact dermatitis,0.9572,4
0f9a80fc4b30ce96e2440e1a67cd31d2,basal cell carcinoma,basal cell carcinoma,0.6687,4
2d88a3fa67aa761b65e280c2e14c68c3,basal cell carcinoma,basal cell carcinoma,0.7666,3
01c6b4ba5be31f7bc381b06aa66e3959,granuloma annulare,granuloma annulare,0.6867,1
d2015942e434a08265904ce908fd02e4,scabies,myiasis,0.1975,3
f7c6e5f7929dd5ca2b066698fd2e83ba,melanoma,mycosis fungoides,0.5042,2
04196e1bcea2137a53790a42b56f0c12,granuloma annulare,neutrophilic dermatoses,0.6996,1
e853570597d53d361cc70868ada1a07b,basal cell carcinoma,allergic contact dermatitis,0.3974,3
4703d4fe73ada32be5f3dd21078e9e44,lupus erythematosus,lupus erythematosus,0.8821,1
3e1a58935a4a47ac287ba3a04172ed53,scleroderma,scleroderma,0.8247,2
e03a74d6e3859a7f29e7f77190c50d8f,squamous cell carcinoma,photodermatoses,0.1297,1
d6166c9947e7e99915ff4d6907ddec44,mycosis fungoides,neutrophilic dermatoses,0.1418,2
f3780bcd46097c38c7dd70430cf4ef34,nematode infection,nematode infection,0.6105,5
0f3b475314c6783a17c9011a9daf3559,psoriasis,psoriasis,0.8556,-1
2df39821d2328b6adee3dcacc2eb83f5,folliculitis,folliculitis,0.9529,-1
b060bbac2ae14c9157fc2c42f49011d7,neutrophilic dermatoses,melanoma,0.4681,2
31cb26b7b57b0b6cd4e587861f803d33,squamous cell carcinoma,squamous cell carcinoma,0.8483,4
1ebd8355d8f52076800915ccf1ed71d5,nematode infection,nematode infection,0.8965,4
8aa5fd77a9d10d03e1f10af68f061394,lichen planus,nematode infection,0.2937,5
fc2d56e7693744585bcd332ab7377b85,myiasis,nematode infection,0.3948,2
f5530b19c11c6211cfda4e1ab9e4dd91,folliculitis,folliculitis,0.8292,4
1b99db59efdd2d8bc09a67e8259c7655,erythema multiforme,lupus erythematosus,0.3701,2
7add87fb8b5fa6a813e97a72613c882f,allergic contact dermatitis,folliculitis,0.0254,4
2899a5ff1edde837ee2075d5e4384f97,neutrophilic dermatoses,neutrophilic dermatoses,0.69,1
2a38635db0cc7eee0e54abf23cfd7afa,lupus erythematosus,granuloma annulare,0.6349,5
14ff311b9905eca10106dfaba83dff8f,mycosis fungoides,mycosis fungoides,0.8846,2
e75bbe02c0f2339aa7191b2c00f302b4,psoriasis,lupus erythematosus,0.5167,-1
7f5091a1109a085bd8ff9f2af51f5cfc,ehlers danlos syndrome,ehlers danlos syndrome,0.9651,3
5687d234732b70ed57e773b50c47ff17,lupus erythematosus,lupus erythematosus,0.6118,6
9cf1bec04c65f8f8b66e917275d5c842,dariers disease,dariers disease,0.7913,3
81a087387ae7574ac1843329c738a5c0,allergic contact dermatitis,allergic contact dermatitis,0.9214,4
17e7d80a2d4b76e40dbd119d1a77acf2,photodermatoses,mycosis fungoides,0.3505,2
79939abad1641eb3e0e971d1083e2ce4,myiasis,myiasis,0.9465,3
848015a81f5c3eaf00a6b8cbada3cc04,photodermatoses,photodermatoses,0.9706,2
80cf2519e4ed163ca4751d6195d6bbb3,lichen planus,lichen planus,0.3173,2
48c2c3c94f67826460083569254e1e13,lupus erythematosus,tungiasis,0.2108,5
65c044831b3faa248ba0743e05e6b46d,granuloma annulare,ehlers danlos syndrome,0.396,4
f74e39822719182ef33a529425a4f125,ehlers danlos syndrome,ehlers danlos syndrome,0.8634,2
185942f8efd8a8c00a3b7b42096f458b,basal cell carcinoma,basal cell carcinoma,0.4698,4
9b65afd7d757d8f4b48bfbf45cf72e0c,allergic contact dermatitis,lichen planus,0.3084,2
5a8ca059f8fa9e7378033b510722177a,nematode infection,hailey hailey disease,0.5793,3
b5f1a2dd12b70470be98ed6311bd7a51,granuloma pyogenic,granuloma pyogenic,0.9025,4
3fb7c068806cdb3de9ec30d91a2c4e4e,allergic contact dermatitis,allergic contact dermatitis,0.6774,2
506e30b9e4836d74bf9c467a739bc886,allergic contact dermatitis,allergic contact dermatitis,0.8908,6
4ff1ea06e98ef27ae93b27fbfa384a75,melanoma,pityriasis rosea,0.7957,4
3d090ec8e40015312f3189b954f67ff6,granuloma annulare,granuloma annulare,0.8365,4
2276179edb1db54ea3178509882ea765,psoriasis,psoriasis,0.8122,3
5c9476943d8596a3396ad2c8062d9f86,erythema multiforme,granuloma pyogenic,0.1594,2
213b08aa3bf90d10ce7609f710d25dd4,allergic contact dermatitis,erythema multiforme,0.5427,3
0477c68e5d16b825ce05d13b641e0c2d,hailey hailey disease,folliculitis,0.6173,3
44c6cb0246d64248efb460e54e552ff7,psoriasis,vitiligo,0.6493,2
0626faf397daa45b7775df06f7925438,granuloma annulare,granuloma annulare,0.8298,3
6c11f4d55463565511ddc7596bf004ca,mycosis fungoides,basal cell carcinoma,0.1261,2
25677b4c4039ea606755d6771fa1981d,squamous cell carcinoma,granuloma annulare,0.4609,3
4f2cfcc16aba1a336c56c83cbe6ce1a8,squamous cell carcinoma,squamous cell carcinoma,0.9085,3
d5567b91cf4c91b6b77b8ffa8f5d832f,ehlers danlos syndrome,ehlers danlos syndrome,0.7439,3
fe364375d4e205f8c09efba66dc42541,psoriasis,psoriasis,0.8052,4
6419eb12a9d678e1aeb1bf43a54745aa,allergic contact dermatitis,allergic contact dermatitis,0.9748,3
dbb854f5cf3cc3ebf4912e860da2efc7,basal cell carcinoma,basal cell carcinoma,0.8479,2
5b00a77572e171e9c9142de2b2bd1b74,scabies,scabies,0.3814,5
e6ee23c69b545243ecf443ea3dcc422f,tungiasis,dariers disease,0.2187,2
1a9e904ebc92a8322d12a24a79b02b61,squamous cell carcinoma,dariers disease,0.5551,4
477a67284d955d5bb9d796b355e4f352,neutrophilic dermatoses,neutrophilic dermatoses,0.8016,1
6aa263417462fdb06a3c77ea0a3b900b,lupus erythematosus,scabies,0.4469,2
07119186590e4bab170d0c4dcf299d5a,dariers disease,vitiligo,0.174,4
f11dd85811e55aa1253cf418068973af,lupus erythematosus,lupus erythematosus,0.8173,5
220357a155bc3297e3f140d7b447348c,basal cell carcinoma,basal cell carcinoma,0.832,3
c3a3a76deea54120c4c3c585c2400a00,neutrophilic dermatoses,neutrophilic dermatoses,0.6911,2
71828e02c5def1b432fc028a764c7192,folliculitis,scleroderma,0.0739,3
d84e0c83920384e79354019fd467e6b1,melanoma,melanoma,0.9653,2
6459f225000afefc4d25d51439563fd2,psoriasis,hailey hailey disease,0.5869,2
853dd21075277f5c0f6cf350346f968e,photodermatoses,keloid,0.2972,2
aff8f8833189c8c6fff40c65f441f37f,squamous cell carcinoma,squamous cell carcinoma,0.721,3
bdf515b189fbf03a0a979d15c3a946c3,keloid,allergic contact dermatitis,0.0697,6
f23a5088dce1f56eed8899c94acba692,neutrophilic dermatoses,melanoma,0.5528,3
674c54b5dcffaf329bbc004769193276,pityriasis rosea,photodermatoses,0.4033,4
03efa4056a5cd1c067c2fb603f66ab89,allergic contact dermatitis,allergic contact dermatitis,0.8732,2
b1f7cd581a222cd988db6872b6862ee6,psoriasis,psoriasis,0.7582,4
cfe556ad5e53e78025ba0c26dd33e9ba,pityriasis rosea,pityriasis rosea,0.8278,4
cda60094b6b8ec18eb3824637fa25b10,folliculitis,granuloma pyogenic,0.2164,-1
f17acb2958bbd067c27fe694aa38ccc1,photodermatoses,photodermatoses,0.8407,3
e4b7c6f7a58a85b819bc105765ef15ee,photodermatoses,photodermatoses,0.6675,4
daada25411671a4e1f6e4d5d34c8b1d3,lupus erythematosus,tungiasis,0.5273,5
7c4736f6da0962b2bfe8f51fdf491d27,dariers disease,dariers disease,0.7381,5
3314d851f845b9007a0053372b38c130,allergic contact dermatitis,allergic contact dermatitis,0.7199,1
b6271f802b8d0405c55213de1854fc20,neutrophilic dermatoses,neutrophilic dermatoses,0.8158,5
c02bd8d61feda28f1cf90efb126b5b1a,basal cell carcinoma,myiasis,0.1393,3
9e2d47ec8247ee0cdc1dc0c7915a15fe,granuloma annulare,granuloma annulare,0.732,3
54c7c26b914f17674a00a7355cdde37e,keloid,keloid,0.6756,2
860ce6a4951e059da943592a29882f4a,mycosis fungoides,nematode infection,0.2675,3
24994267d61c6f7c3448b86ae37f02b5,granuloma annulare,granuloma annulare,0.5622,4
a1201de90933a47fa690510d0d71006a,photodermatoses,psoriasis,0.425,2
642718dcaa658d3fb796ca2f07f6e6d2,neutrophilic dermatoses,vitiligo,0.1867,3
91040bede6980b50f675f8731a2b868c,lichen planus,lichen planus,0.7992,2
3528bdf5ec916ec66302dff722e9a6c8,pityriasis rosea,pityriasis rosea,0.9498,3
c773d23d4876c64b06bb3262ccb3461a,granuloma annulare,scabies,0.2402,2
e47f8328bb5d6a9b8ee00ece475437d7,lichen planus,lichen planus,0.8214,2
7db299ba00a9521e32f90b9ce4b667a7,lupus erythematosus,folliculitis,0.4622,6
93cd68b78e2cff0466ec9979b3d2907f,photodermatoses,photodermatoses,0.8487,3
23a4981127da53b6f587360f0fd1de6e,folliculitis,squamous cell carcinoma,0.6872,2
d6dfb47fe3c00e624af51b3548b8ee5e,granuloma pyogenic,granuloma pyogenic,0.7337,4
5cf02fd520a612685135af490fa1996f,squamous cell carcinoma,squamous cell carcinoma,0.9416,-1
39c6dcfb61b38c65cff7d43f6298e685,scabies,dariers disease,0.9275,3
de79bc18897f3ea450ec2a18c2be969b,psoriasis,psoriasis,0.9393,2
4fd3135310dd5a366b0403192a274f97,ehlers danlos syndrome,ehlers danlos syndrome,0.8656,4
10dbea94409f7da7c12bb2ffeddd11fd,psoriasis,psoriasis,0.9442,2
bc3c7949a07e496957f0478305aa49b8,neutrophilic dermatoses,neutrophilic dermatoses,0.6995,1
9954afd27ce8e5cf2f46133be296107d,squamous cell carcinoma,squamous cell carcinoma,0.668,5
2f330a206b1b7c37b1d82dfd04e25e04,basal cell carcinoma,basal cell carcinoma,0.8754,3
bdfcc02ca14c35a728b619018afbe816,ehlers danlos syndrome,lupus erythematosus,0.3097,4
e2b108ec0b0d9df5ad536cfde4fb543f,basal cell carcinoma,basal cell carcinoma,0.9704,2
66b4aa1680a93fbd2243f91171ba3f3b,allergic contact dermatitis,allergic contact dermatitis,0.5118,2
3d50f6228ec4fcf558147f7bf5e87624,psoriasis,psoriasis,0.7904,5
3e5945da0e2b7788b79b0dfb42986b1a,hailey hailey disease,photodermatoses,0.2629,3
33867ef03c5e016675fab91bd17d0880,neutrophilic dermatoses,squamous cell carcinoma,0.2407,4
23733ccaf3cc5d720585930f3ac1b7e1,squamous cell carcinoma,kaposi sarcoma,0.3209,3
2b6f45da1338d44238f6f19a9c6c2f71,nematode infection,lupus erythematosus,0.5787,3
b22b6623b4a161c90e43de85c5be87f5,granuloma pyogenic,granuloma pyogenic,0.7584,1
a9b343996d7803385c0c4554a622a6af,photodermatoses,photodermatoses,0.5981,4
106171fb4cdf5668101275a730ee300f,scleroderma,scleroderma,0.5227,6
d6362b2c17758c8f150fa2af893201bd,scabies,dariers disease,0.7612,4
e0f02981ad758907496ff3be01ff22d2,lupus erythematosus,lupus erythematosus,0.6155,3
05c184b591332a263f92de1e0097b69d,lichen planus,lichen planus,0.7273,4
1216661f88e752e7c9c1cd37ec97e1d7,dariers disease,dariers disease,0.6607,5
33ebf654ac16c7fb8366a5c868e68b60,pityriasis rosea,erythema multiforme,0.1361,3
8e58158cfd0115aaeac852b743df2936,psoriasis,psoriasis,0.9259,6
4dc59e979f735bb6b4dc09c89d971cdf,vitiligo,scabies,0.579,4
678d1b097fcf7ae20be323c1a596dcb2,dariers disease,dariers disease,0.8171,5
27cdedf969882e1d79cc0742efa7443d,lupus erythematosus,lupus erythematosus,0.9237,2
f2f0f1140ab5b742ff383132bc01ceac,nematode infection,nematode infection,0.6643,-1
6f6f8c6bb2e0d48e9c6b4d4345ab56b7,squamous cell carcinoma,squamous cell carcinoma,0.9178,2
a6907fc5edd78166e120db95cc1f002f,psoriasis,photodermatoses,0.4035,5
1805c5539dc4b6ae9329f5a5e43cea17,neutrophilic dermatoses,tungiasis,0.396,1
ac2b6d62fff45b639b8983e99df0d82e,scleroderma,scleroderma,0.5104,1
8317602b75429d596b8d4f8cc1f386a3,photodermatoses,keloid,0.0617,2
feea98ea369012c5f1f3ff0300fa3bef,photodermatoses,photodermatoses,0.4196,2
fc00af3afd475aa7679fe83be88b4b8e,squamous cell carcinoma,squamous cell carcinoma,0.8465,1
7a1b181c656129f67038293a095e7c51,squamous cell carcinoma,myiasis,0.1406,1
3c81aad89a1c0bb67eb38f43001fa6ae,lupus erythematosus,folliculitis,0.4112,1
597405f862fa1572fc379136159aba3a,squamous cell carcinoma,dariers disease,0.1386,2
329943655d928c776677a24b3dc7d38a,scabies,scabies,0.7581,2
bfc903d9c30f8fe5b14f24c2cd92fcf8,mycosis fungoides,mycosis fungoides,0.5683,1
01fb028af4dce3dbf4730377aa797c4c,myiasis,myiasis,0.8381,-1
bc462fd1c657856ea9a9a16bad661638,nematode infection,folliculitis,0.3437,3
f090c4485572120e94c74abbdaa465dd,granuloma pyogenic,neutrophilic dermatoses,0.4945,2
430d7a516f01856fb42d7efa88e23902,psoriasis,scleroderma,0.4778,1
e7adb78c1bb1240a546d058640d0f553,erythema multiforme,erythema multiforme,0.6002,2
4413bbdd2e80698fdf26941e9f8f96eb,ehlers danlos syndrome,lichen planus,0.2127,3
225b3849c916dd59bb31fd91deb4b243,psoriasis,psoriasis,0.6042,2
050e05723df3bacbbee8ddd7422ad2b2,lichen planus,vitiligo,0.5586,2
d6ba49d77824af027a2b754b8df8fde3,folliculitis,folliculitis,0.8465,3
0fc3df23249b61cc9eae6a6325fdfecd,neutrophilic dermatoses,nematode infection,0.5878,4
51214ce47ca589361928bb6c24b897d1,lichen planus,photodermatoses,0.1334,4
6c5c632c83f9b165606da6c7b6c86b7e,keloid,squamous cell carcinoma,0.7103,4
7a43ff75eda582db77bcefb8316a59be,granuloma annulare,granuloma annulare,0.9136,4
3486bb9f5a4ad3006519845196bca697,basal cell carcinoma,basal cell carcinoma,0.9404,4
80badbafeb08d68ee1b144773a53eaef,scleroderma,scleroderma,0.92,6
82b2b5a2e690dfaa715fea051bc24846,squamous cell carcinoma,hailey hailey disease,0.5904,-1
34f2d6c11c3118413a4e23bc1a6b8992,basal cell carcinoma,tungiasis,0.1897,1
a824ec280979b2d3d15e22461ce96bd3,lichen planus,lichen planus,0.7405,3
5eb10b7947e47387cba1be09708ed956,nematode infection,nematode infection,0.7373,3
0d7c7bd5304554919e0179209ef6f1bf,keloid,keloid,0.9463,2
0ef888d61d8643d33d4a06b1ea8e04b8,psoriasis,psoriasis,0.8252,4
43cdeec695694ae4ce18703bf459d641,scleroderma,scleroderma,0.8945,1
e68261a02e75b91b55f7cab91d5ba472,allergic contact dermatitis,ehlers danlos syndrome,0.5648,2
95c1fbe0c069e5a7aba100bd9ef2e167,scleroderma,scleroderma,0.7637,1
951300e7c91d96b37e90e00932a7722b,basal cell carcinoma,basal cell carcinoma,0.6953,1
a18100a6cc186c4ed5e690250834edd4,squamous cell carcinoma,squamous cell carcinoma,0.7465,2
b900d52ef349174ed6289951e50a9a80,scabies,neutrophilic dermatoses,0.3792,5
475f92468d27947b2ecda27fbbc1e141,squamous cell carcinoma,squamous cell carcinoma,0.7942,2
c6b5b5c7b616faa3af34565814ecfbc9,psoriasis,psoriasis,0.6789,3
b0fa350b165fb8d8047447b782beb5a7,lichen planus,erythema multiforme,0.8313,6
6e48c721bec82f6e4d22085359034de0,psoriasis,hailey hailey disease,0.2738,2
8de4032ec4cd4b7e633daaf089888cff,nematode infection,nematode infection,0.4064,3
7598d7f06a05def38e8ca3da0057ae13,psoriasis,psoriasis,0.6243,2
bbe52dbad996447bc7d4aa067d5f5d8f,scabies,scabies,0.8995,1
6df7ccd15c4c9b072863e03224ebf65d,melanoma,melanoma,0.6341,-1
a837e01ab78631a3951e9d8daa6a9fb4,pityriasis rosea,melanoma,0.5033,4
7c1aca8e27322c696f6802a23c5ad547,allergic contact dermatitis,allergic contact dermatitis,0.6889,4
3f67ef764505627ea568656140bbdb31,allergic contact dermatitis,basal cell carcinoma,0.3781,1
70fc8f7a0a0a4a7d9cd60c01be3537a4,scleroderma,scleroderma,0.7579,1
b7ccee8c91bd6ecd6d7ce5b66e4513c2,basal cell carcinoma,granuloma pyogenic,0.2274,4
229048c8bf711a1039380054d624e368,melanoma,melanoma,0.6317,2
a6968ffd907c0a67e17ad6f457cffd1e,photodermatoses,photodermatoses,0.8843,3
e0e87ce4d52b24d70bdee2b70862cf2d,neutrophilic dermatoses,neutrophilic dermatoses,0.8226,1
ba968cb0611e48e5a097e0ec401001de,erythema multiforme,erythema multiforme,0.8907,3
2b77cbc64d0b7bd3268cbc1e9c870cb7,photodermatoses,vitiligo,0.4075,3
340b5a20a94e4c3894f36638ae54ad37,psoriasis,psoriasis,0.7188,2
66a4c312027be32485642a2d0232ac4a,folliculitis,photodermatoses,0.5815,3
aedc70dfb816e7a924323e8e98d14c2a,pityriasis rosea,pityriasis rosea,0.9326,3
07440eb15d9cccae08e3a28d966d2f67,dariers disease,dariers disease,0.712,4
f7f2d6b9bb403a202b9db6a4700619fc,squamous cell carcinoma,squamous cell carcinoma,0.7331,2
913ece899a241509cf6d3ebf950426c9,scleroderma,scleroderma,0.7286,2
6b0912ef7bac432a6f0c419b98e53210,scabies,scabies,0.9118,2
a7174cde13b3afa0661a71f4b20cbd5e,vitiligo,vitiligo,0.8728,5
1f61ec4d583ce38a36bf9cf5cb5a8c7f,scleroderma,scleroderma,0.9397,3
e433c638effeb97a769362917b7827d0,basal cell carcinoma,basal cell carcinoma,0.7923,2
a25688396d3deb6570c1c360a77bb721,scleroderma,scleroderma,0.628,4
d5aa576ef35560e1dfb662527583b44d,lupus erythematosus,lupus erythematosus,0.9428,2
f05ac72af29232518ba696da00c977e9,scleroderma,tungiasis,0.258,3
4c40b4811c04c2fc2c12d3b22fe5d8a1,lichen planus,vitiligo,0.0449,3
0ced16a6dcabac857f513c743a398a08,lichen planus,allergic contact dermatitis,0.2792,4
40abd94119ad5fbeabd6ae00e30e31f7,mycosis fungoides,mycosis fungoides,0.6222,2
d888164ff416adf7a9049f5e5fe3efe3,melanoma,melanoma,0.7303,2
c4d078eaaed87cad65e3a03dd113c868,lichen planus,ehlers danlos syndrome,0.5969,2
a5c26a700c02cd194761f72d84b9bc78,psoriasis,psoriasis,0.7623,5
9d857ed8d08c845165cc9419bacc884f,tungiasis,tungiasis,0.8245,2
86e3dc47bdf4481b29c36d06e96e63be,scabies,scabies,0.8161,3
3d1968b221d77220943d8fc5d3a5a7cd,allergic contact dermatitis,allergic contact dermatitis,0.7298,2
7d1118dac7ffc8b465f47641ce2c6be9,neutrophilic dermatoses,vitiligo,0.4627,6
b8f7a8261d720585ae60f800b4eaf999,squamous cell carcinoma,lichen planus,0.1191,-1
a96d9f9d604ecca87d59aa89aa84c00a,granuloma pyogenic,granuloma pyogenic,0.413,3
d0b0400c882ead562db99693b7548504,squamous cell carcinoma,squamous cell carcinoma,0.9473,3
b1edc6b31b2de81f7fe5fb43cf882ba5,nematode infection,nematode infection,0.753,2
50ef304493d2ca4767c6def8079f1216,squamous cell carcinoma,squamous cell carcinoma,0.7305,2
35e5b48aad880f40625297aae247119a,squamous cell carcinoma,folliculitis,0.4695,-1
d188695a54cebe0805dd8fdddc69e915,allergic contact dermatitis,allergic contact dermatitis,0.5384,2
6dd55c263e7286ec05542ea1634df398,granuloma annulare,ehlers danlos syndrome,0.3771,-1
717632d20df2589325f6769a45b0adc5,mycosis fungoides,basal cell carcinoma,0.08,1
afb54338370aa953592cd1da3c3f8e2e,dariers disease,dariers disease,0.7452,5
649a62d188bad59afe9eb4ecb56fb25e,mycosis fungoides,mycosis fungoides,0.8514,3
1e78dd4694ea86cfe05ffd344f68c14c,lichen planus,lichen planus,0.8015,3
6e18695700992f5159dd9df1c4cea73d,neutrophilic dermatoses,psoriasis,0.4756,2
80caf4f9309a59eef5b3098892a3e9d8,pityriasis rosea,pityriasis rosea,0.6675,1
5db3f4244063a3c022bedeb43cd02000,keloid,allergic contact dermatitis,0.5317,2
b70c026a3f3af330fca7b44cca986b12,allergic contact dermatitis,granuloma pyogenic,0.5068,3
747739be8bd7bc8a2bfa9fd7abf2c2ab,kaposi sarcoma,granuloma annulare,0.5633,4
6909261bcfa3f72a7e71bd8224b9b416,allergic contact dermatitis,melanoma,0.6838,3
b64cbbe4e958467947b037a4e453ff3c,allergic contact dermatitis,allergic contact dermatitis,0.853,4
f1282230c2c93f135d53b154c3f4e2be,allergic contact dermatitis,myiasis,0.2212,-1
f6ef4da45f12b40c45bbf3963accccd8,scabies,scabies,0.7763,-1
cc63958a1cedccb7dc1f0628f010206e,melanoma,melanoma,0.7326,2
692291fbe26955598d023a64256383dd,basal cell carcinoma,basal cell carcinoma,0.7435,3
e34646f6778dbdc86130a4babf62d01b,psoriasis,psoriasis,0.8058,2
5f7dbb59f5c65abfe5ab9258158efa39,allergic contact dermatitis,squamous cell carcinoma,0.2981,4
eab0c5c1076414e66de39e483808b9d9,erythema multiforme,kaposi sarcoma,0.5407,4
e425da88ea8a897e3eae075f7a038b67,scabies,allergic contact dermatitis,0.1544,6
439bb574cde699bdfba6fdb28e2a79ef,basal cell carcinoma,basal cell carcinoma,0.6273,2
eec31f4500b132c1bbbe9ce76bbe287c,hailey hailey disease,hailey hailey disease,0.86,2
f8735e2e706d38e9ca3720c98708644e,lichen planus,lichen planus,0.9489,4
d37f6e140d30bc85a3ed75e47b6c9525,photodermatoses,erythema multiforme,0.2886,2
38fc7915f61e88550a34fbb3ab44f168,granuloma annulare,granuloma annulare,0.7063,3
2e6c0216b6b1d990feb510a9c7f4b1ce,squamous cell carcinoma,scleroderma,0.4851,2
2d0176fab503292cf8d9c42b49fd6973,lupus erythematosus,lupus erythematosus,0.9157,3
299e9758e01ff3cd4a1c62bb04e6e2af,photodermatoses,scleroderma,0.7016,3
02d9c18d0b2e56365be003ca43a556a4,lichen planus,mycosis fungoides,0.1892,3
78bf070a3d1ca5f5451b13838766506e,vitiligo,squamous cell carcinoma,0.3581,1
94a73032e9a7c4e5ba2a6833b727745a,ehlers danlos syndrome,ehlers danlos syndrome,0.8403,1
18e90572ea422342564dd9f4e007ccd0,hailey hailey disease,folliculitis,0.4543,3
6997340e7532ee13d60227689cf9c3b0,nematode infection,nematode infection,0.8139,3
6d3c3b2f247e21e6c075765c4eb2be8c,lupus erythematosus,lupus erythematosus,0.7334,4
5f8948905fe415a5a8f591e5c7506e0b,erythema multiforme,erythema multiforme,0.82,5
141066e4e028f81d9e1e35753297b6e3,psoriasis,psoriasis,0.6987,1
8177bef3516139c902db411c6f3ee221,dariers disease,granuloma pyogenic,0.3728,-1
de403ddef46f443a3d450822de1ae79e,ehlers danlos syndrome,nematode infection,0.6003,5
2d8dd8e2b1d3f0af318b320f7d77e595,melanoma,basal cell carcinoma,0.4172,4
bb05b632c6935394cb7f748021013497,photodermatoses,photodermatoses,0.8175,4
2e03634f404f78e42f59c3926570eb88,allergic contact dermatitis,allergic contact dermatitis,0.779,3
5844c88a058898d79726fdc1a1a01b4b,folliculitis,neutrophilic dermatoses,0.4839,2
4e93096e2139582a1a633220a9638049,folliculitis,folliculitis,0.7676,-1
1b0f82951e82535fa4f79a16802490d2,kaposi sarcoma,lichen planus,0.56,5
3c5cb38ef47300a071019d4e69fb9aba,hailey hailey disease,hailey hailey disease,0.7846,2
b1b42ed80522d96748fe48433d8de262,photodermatoses,scabies,0.3802,2
b88ad66e6aca6709779ca4d9ea74beea,psoriasis,scleroderma,0.533,5
d97e0c3483bab3158be2a9f9ffa3339b,kaposi sarcoma,nematode infection,0.9176,4
a56afe5d5b3c74e11e977786b06ec762,allergic contact dermatitis,allergic contact dermatitis,0.9055,4
795ac369716070ca60d916ab51e50d0b,lupus erythematosus,lichen planus,0.3712,1
f7d63b8ee7f442e54a749260e2e0896e,pityriasis rosea,lupus erythematosus,0.2659,-1
ea19152434347b623f2e98c92ebd7938,melanoma,melanoma,0.7944,2
835965eb33ec5867041982daf17cd3b8,lupus erythematosus,folliculitis,0.2538,5
a618a74a7b78c46d257ac4a5553310c3,scabies,scabies,0.6143,4
30559e9ff81800fcc4e2819d89988b88,melanoma,neutrophilic dermatoses,0.041,4
7059e538e6ba532a231eef3cef2137d7,nematode infection,lichen planus,0.1588,5
43ed926a85015b5cdd8d79e011d3a9ba,erythema multiforme,erythema multiforme,0.7858,5
18512e5c8aac9ceb8d67e6c93d4f7ecc,folliculitis,granuloma annulare,0.0677,2
647e04caf3fd594e7b292471b551abc3,lupus erythematosus,lupus erythematosus,0.6608,2
badbfab4e0fe826cade1351c9e3405a3,basal cell carcinoma,basal cell carcinoma,0.717,2
208f0633cd1746460d4a9fe1b4ff7a8b,keloid,keloid,0.784,2
abd3e1393bf969a1329b12ff83e5f85d,squamous cell carcinoma,allergic contact dermatitis,0.2299,3
afe41fae78805d3c1eefe5fdeb5ecba8,squamous cell carcinoma,squamous cell carcinoma,0.8391,2
0803a4e75d7f983febd58edef7753a1d,erythema multiforme,erythema multiforme,0.7192,2
d3d0fe6a18d79a8c4e2670115c62941a,photodermatoses,photodermatoses,0.7167,3
942b126cb637ea9fe644ece8acdf9af2,hailey hailey disease,hailey hailey disease,0.8098,2
f7c8654e248f45f26e71dde0503d99e4,lichen planus,lichen planus,0.5884,2
754dd021767e53cd743339ab68583225,tungiasis,tungiasis,0.1724,1
84958eb36201c8a71633caff1817e36d,folliculitis,folliculitis,0.9401,3
7a6f9c1849fbd51cb3d4c69fedd50a7a,psoriasis,hailey hailey disease,0.2201,3
bf50a7b1441576de64d5a5cd44c75c48,basal cell carcinoma,granuloma annulare,0.3037,2
0ad6c819e9c079b8d27ad970510c92e1,nematode infection,ehlers danlos syndrome,0.5686,4
c1bd14244956fb78e7cc6efc2575db1f,lichen planus,tungiasis,0.5079,1
1199d7f9b1d5d0d7393ac6f5149a29e6,lupus erythematosus,lupus erythematosus,0.8743,2
3a658dd0895fb661e7881b0bf7da341f,lichen planus,lichen planus,0.7176,-1
41ab6fd8312f087dc1dc8702a4973f2a,scleroderma,scleroderma,0.7292,5
7fcf21a604229b3e733ab73e3ad7cecd,lupus erythematosus,folliculitis,0.0263,3
720f19f60f669564baa7fde4b8e06f9e,squamous cell carcinoma,folliculitis,0.3517,-1
8f2319f43f4512ffa8bc1ffcd2c14c75,folliculitis,folliculitis,0.8854,2
2296f3b674702c0a0c0a7904333773a3,erythema multiforme,granuloma pyogenic,0.6759,1
f87a87ee670454c5738bca11f4078c6e,scleroderma,scleroderma,0.8418,-1
79fbcb967214343eff45f9a194413650,folliculitis,folliculitis,0.9138,4
b35d9c96974062e2e3a3a98f57d77bf4,lupus erythematosus,lupus erythematosus,0.9502,4
deda9b18220fae47743554d5b7312274,neutrophilic dermatoses,neutrophilic dermatoses,0.6185,6
639b6d1865814073a709bc5541512a23,lichen planus,lichen planus,0.7245,2
b0ca03d6edc7f6aec8467e898177c9d0,tungiasis,tungiasis,0.8811,6
be39fbddbcfc833ce7862e06eaf800ee,squamous cell carcinoma,hailey hailey disease,0.7376,3
c9256b9fa1fc0171692899d194bc4eac,vitiligo,vitiligo,0.7218,5
58b4bc079ca94e6e9377a42ca7564b40,psoriasis,psoriasis,0.9062,2
34d86d197c94da16308113b2665ee004,mycosis fungoides,mycosis fungoides,0.4905,1
86942c44aa1bf357cc2e8861d02a0c30,folliculitis,dariers disease,0.3896,2
2b73a8e3d1635151519738bc63a68483,tungiasis,kaposi sarcoma,0.1033,3
2dc262a2cfe7ec4b3d15971b9b391808,basal cell carcinoma,squamous cell carcinoma,0.3404,4
033ee70bafe6a236ecf01ba9f2cb27be,scleroderma,scleroderma,0.9184,1
de815c834e669e5f3860b51602172193,keloid,keloid,0.4756,3
c15bcb1e2da07b61942e0ce9fc8e427d,tungiasis,tungiasis,0.7931,3
442efb92b5f59923668f0d2e6316b9cb,melanoma,melanoma,0.8977,4
f0c244194c1d83230b3a031aff48c512,nematode infection,nematode infection,0.5522,4
95a8f9006a704737cd5287b1523ccee3,lichen planus,erythema multiforme,0.459,3
cd90e491ddaa92f0f4eb07f73aa09f64,scleroderma,nematode infection,0.4792,5
63828f534d892f92b97e73eb3a616735,erythema multiforme,erythema multiforme,0.8321,4
1e2d617c5a99ac7455fd4dbaf89760c8,lupus erythematosus,lupus erythematosus,0.7978,4
1d1ee437001fa401e4a5916c93f7e2ae,kaposi sarcoma,dariers disease,0.4669,1
0dcfc4837653bd16c477ee7c6cf89e67,dariers disease,dariers disease,0.8892,1
a09bd1f047a72a59c7d22348f43c70ad,psoriasis,pityriasis rosea,0.2465,1
6f4a55de68993b0677c87fd54f482c3f,scleroderma,myiasis,0.1448,6
9ca09ce2e24f13c405b2ea46e70798f5,photodermatoses,photodermatoses,0.6291,3
c548aa9844a8a07678b4c9e3c0268bc5,psoriasis,psoriasis,0.6703,5
bdc5c0d8506e766b277962f2cc500e9f,scleroderma,hailey hailey disease,0.5245,5
c7c56128496340b59c604f3c5fabe1b9,granuloma pyogenic,granuloma pyogenic,0.6898,2
c22dfb448848253cc53435cdb23c1271,basal cell carcinoma,lichen planus,0.7819,3
af64b98b5de693db79b9ff3c008fbd33,melanoma,melanoma,0.9077,1
f996766b05a0325d3366a94309e24ee0,squamous cell carcinoma,granuloma annulare,0.1971,3
6da1799d026302b988edd549c2bb6600,allergic contact dermatitis,hailey hailey disease,0.3187,3
6e5138620cd1a4cefab313a107bba366,granuloma annulare,melanoma,0.5066,5
e019139b3fdc3d2e6bdfc78a1094a36a,lupus erythematosus,lupus erythematosus,0.7405,4
7e20c40f7ee365240cb37088b84d8720,psoriasis,psoriasis,0.7312,3
79f758736e0215031e7934728a549c22,tungiasis,tungiasis,0.9822,-1
9d4ee9d12f7ed4284a3f412649bec1d2,photodermatoses,squamous cell carcinoma,0.3163,2
203f72e12bfd9132ba8f843eaa9a894f,melanoma,melanoma,0.5242,2
2e1c37711573c7c0c489bbd7511425a1,pityriasis rosea,dariers disease,0.4177,3
7fe4dcdc97b980c00c5bc84a1e5054e5,squamous cell carcinoma,squamous cell carcinoma,0.8072,2
49b9b2859dc1693be461fa496a30ba22,scleroderma,erythema multiforme,0.5057,1
89fec580f8f8f7bab2f4199ff2234e7f,basal cell carcinoma,photodermatoses,0.7573,3
4761297162f15f038cd318fc06c9b916,photodermatoses,photodermatoses,0.9381,5
0b8b83ce62370ea4931579b9c2997b87,psoriasis,psoriasis,0.7949,2
8395eb9faf9f430e2c30ad39d4eb0981,psoriasis,psoriasis,0.925,2
4938b2e7e1d3eb8465e779d83a705dff,basal cell carcinoma,basal cell carcinoma,0.6572,1
3b36a82a7a9c4b0aecc456daa23774ad,lupus erythematosus,lupus erythematosus,0.8684,2
dbc4723c22330a15613ebc8281d4565a,basal cell carcinoma,basal cell carcinoma,0.685,2
64c44c7f48b4245eccabb01c0f6dbc62,erythema multiforme,allergic contact dermatitis,0.6136,3
4f6103430177cd6b0a4f06bd007d5ee3,lichen planus,lichen planus,0.9767,2
80602e43414e592443aee9e67fcca5c7,melanoma,vitiligo,0.1396,4
402710d6e3faf2056bde80b7436f2a3a,tungiasis,tungiasis,0.439,6
680723c15e799510719e37a957beff3e,squamous cell carcinoma,squamous cell carcinoma,0.646,2
5bfd231e8cf0526d1247ced60c6ef573,kaposi sarcoma,kaposi sarcoma,0.5509,1
bfee5ed4de3d9f86b6aa313a99bdd553,nematode infection,nematode infection,0.6278,3
673c068053868490c15fefe7aad07b35,melanoma,melanoma,0.8646,1
ca64d33c7958910489d4c2385e0dec93,pityriasis rosea,pityriasis rosea,0.8238,4
76a410bec7b2e3644a4b141d8bb0d2c2,squamous cell carcinoma,allergic contact dermatitis,0.5313,4
a385043f505268bfad6448be4c018a68,lichen planus,lichen planus,0.9499,4
c3bb36c5ce3c5a4027202b96590f2950,hailey hailey disease,hailey hailey disease,0.7889,3
71a101b8e494eb213b78a1274714de3b,keloid,hailey hailey disease,0.5284,4
b6b44275e0b8648e39aca0fb20b763ca,nematode infection,nematode infection,0.7625,4
ca81fd7bdd17c9916c9f3f9125a5675f,granuloma annulare,basal cell carcinoma,0.3292,4
522673224fcd3333c71648cfa95a9505,granuloma pyogenic,pityriasis rosea,0.291,4
d5837c87b8168a330fa75f463e3529f4,photodermatoses,photodermatoses,0.8914,4
1ac0e3c9b31905e8460042d59cdeb234,scabies,scabies,0.8766,4
6291ff38493700eccb9816dc3586cd17,basal cell carcinoma,melanoma,0.3981,3
c7fcb5f49fbe7fb7eeec7eaf196b299a,scabies,allergic contact dermatitis,0.7714,5
a6731e0a572e059e44b6f5ead92fba43,erythema multiforme,erythema multiforme,0.9028,4
9d4da37ed259baf079989b72a3e4758c,lichen planus,lichen planus,0.5325,1
429baf43d2dfce514c2bbf837a537623,squamous cell carcinoma,granuloma pyogenic,0.149,3
87e546220247ac3dd8c2e7efeeec5718,squamous cell carcinoma,squamous cell carcinoma,0.8223,-1
25f84db5d3b6471d45db312ce9712dd9,mycosis fungoides,mycosis fungoides,0.8003,3
98932e386975f2cc0e7b30677a5107c6,erythema multiforme,psoriasis,0.227,4
0e81c12891bc58c8759668109873ff8b,photodermatoses,pityriasis rosea,0.3505,4
33e5413d510f428e270b27d43e253848,pityriasis rosea,pityriasis rosea,0.4949,4
cb6e695ddd1fdf4cfff18aa064700b28,neutrophilic dermatoses,neutrophilic dermatoses,0.7968,2
70ed11d557375a3b2d61708dd6dcbd71,myiasis,myiasis,0.8037,-1
6dd80cd6cb04ab0d7418870bbce3c471,dariers disease,dariers disease,0.837,4
2fb5385c1aa581e6d9ccdd63c0c68d06,scleroderma,psoriasis,0.1873,2
7d435e587a7fe0f35bbb3496b2df547a,lupus erythematosus,lupus erythematosus,0.7928,2
8f9bbca8888ce7e9896a3cc4aea506c7,vitiligo,psoriasis,0.2161,-1
cae00d8fdd96f302839f98dfafb357d6,tungiasis,tungiasis,0.8539,4
e4880078008dde6f752136d3ec2b2315,allergic contact dermatitis,squamous cell carcinoma,0.3357,4
1125ee0df6f81a59e07335dba81bc54b,photodermatoses,photodermatoses,0.7659,2
dc8b1d07cb9d4b4f4097807e29d045c3,mycosis fungoides,neutrophilic dermatoses,0.5067,2
f7adf1f9ec1a5903a87447f37e6fc879,scleroderma,squamous cell carcinoma,0.486,1
228c237da9bca35c55632db3a7b78264,squamous cell carcinoma,squamous cell carcinoma,0.4589,1
98ad91f2867cf479c27ecd2fa0913ff4,psoriasis,folliculitis,0.1607,3
3b1cacc7ead6b74a6317794b9a528acb,nematode infection,myiasis,0.3692,6
80ab011e094ee031833148fc8b25a6ea,lupus erythematosus,lupus erythematosus,0.6069,2
7417842967f20cb28f70c8c0e8ad4d20,vitiligo,vitiligo,0.8587,4
1935fe6793c482b5851d40cb260127d3,scleroderma,scleroderma,0.9012,2
8b996316dbcf6432e0e6036318fff1db,psoriasis,psoriasis,0.7282,3
82e84a75896f5132411702328105f900,erythema multiforme,hailey hailey disease,0.7291,4
d3079c23f85e6b195f1275b6d499a5d8,allergic contact dermatitis,allergic contact dermatitis,0.8392,-1
1e7a332c75655b759c774efeac3d9dcc,melanoma,melanoma,0.6106,1
e6dae638abf0c03113a73dd43bf23c66,photodermatoses,photodermatoses,0.8112,3
8e6dfff9394b54757d7e6b760bb3eb18,dariers disease,nematode infection,0.3573,2
d1d1edeb5a07c02ffdc028221beca93e,squamous cell carcinoma,granuloma pyogenic,0.3386,2
9f670a547a69e86823c41ec821d6a3d7,photodermatoses,neutrophilic dermatoses,0.6024,4
fd7fd5169356834c0abd072b6480f3c5,scleroderma,lupus erythematosus,0.3449,4
0280cc7c51144ebeff363275cefb70eb,photodermatoses,hailey hailey disease,0.4572,2
2773dcee7d82b51d35013f823d5e64db,tungiasis,granuloma annulare,0.7646,3
aa69adfc1fade8d49ef21c851915def2,granuloma annulare,granuloma annulare,0.6544,2
6e3ca2c3a5e662122dbf3c57fa7a36bd,lupus erythematosus,lupus erythematosus,0.8451,2
1531b27d8a5f477a2b3056ee75f949cc,psoriasis,scleroderma,0.1659,3
1ac318835faafda88a085030d80342e1,neutrophilic dermatoses,erythema multiforme,0.3299,4
818305b5990c64134e480814b182d382,squamous cell carcinoma,basal cell carcinoma,0.4528,2
0ccd7255edd9f1e1caecbd46edfd1965,lupus erythematosus,lupus erythematosus,0.7321,2
6b56ccd6c1ccedc62f1e666d0c1dc1d3,psoriasis,psoriasis,0.6586,2
dc68940bc274808c66a6f6fc3d1d6978,lupus erythematosus,melanoma,0.0704,5
9a9e24f5eeabe3cad0ddd6600bae7c0d,neutrophilic dermatoses,squamous cell carcinoma,0.3192,1
9d2941f49b627489c4da60170c25fe93,ehlers danlos syndrome,granuloma annulare,0.2468,3
a95bbbeea58f515effc03b3a8a145926,allergic contact dermatitis,allergic contact dermatitis,0.5574,2
b2f67824fd236393c7c9df7e93bb7555,scabies,tungiasis,0.0627,6
c53053b76057de5df9e5e0e6784baa88,kaposi sarcoma,kaposi sarcoma,0.6112,4
613ee5b05152d2db7ae06cbbe0d0c785,lichen planus,lichen planus,0.5887,4
84b4418d304b771a9cc6b5201a6f4296,psoriasis,psoriasis,0.8701,5
90767147449f5fa1bff6146fc734dec0,lichen planus,lichen planus,0.7017,5
264ddcaee609fbc0039514b6d005b7d1,scabies,scabies,0.4786,2
bd9ebdeec0d9b24cd794538703235b39,vitiligo,vitiligo,0.729,6
e38dca5f81f4a14dd13a567fc12db728,squamous cell carcinoma,scleroderma,0.2212,3
ceb8390f38f925eb94a13f881ddf73b6,hailey hailey disease,hailey hailey disease,0.6928,3
58e43c334f4ea845aebf46efd3377828,lichen planus,photodermatoses,0.4508,3
c9248d561d44ef1081ff7d886c3eaf80,erythema multiforme,granuloma pyogenic,0.3805,1
5a6c39dfd83728900385c8bc4548152e,erythema multiforme,photodermatoses,0.6941,2
3c4903173b7b1a7c309a1af110685216,folliculitis,folliculitis,0.9187,3
b32ca1c3d35c907a6756364ed16b8e1b,scabies,tungiasis,0.4046,2
0d240e7e0263db3d01450e39cecdb4cc,squamous cell carcinoma,squamous cell carcinoma,0.6745,3
93edb0966fab2cb1919387e07c5fe782,photodermatoses,photodermatoses,0.5043,4
d1b21b34bbe72b0a4337e32499ba7bb5,psoriasis,psoriasis,0.8604,2
07e174ca4cae393528ddd74ce2821f49,psoriasis,psoriasis,0.8692,1
d5478698cc4edda554d74992bca7e954,erythema multiforme,erythema multiforme,0.894,2
301993a61a2ff431f7e56c65d068e33c,ehlers danlos syndrome,ehlers danlos syndrome,0.4482,5
75bbd59a808977f934508f3192e88303,lichen planus,lichen planus,0.3502,3
6839de72e5a36bef0e11987b4b337664,squamous cell carcinoma,squamous cell carcinoma,0.6487,1
55b77afa1e71c8efb5d119ddb8d84d62,lichen planus,kaposi sarcoma,0.6891,6
110d3701bb14cec47a21e8e63511b339,scleroderma,granuloma pyogenic,0.1907,3
22837c721fba2274136875122682e15e,lichen planus,scabies,0.1584,5
3db95e305c3bfd035fa54ddf213a28cc,allergic contact dermatitis,tungiasis,0.519,1
5bdc9d315ef2c63721bfe83c6715fc6c,scleroderma,scleroderma,0.8941,2
5fc99b4373df88c67627dfd58f042f55,keloid,basal cell carcinoma,0.5561,3
f711b066923256aee2aa897848b58ece,squamous cell carcinoma,squamous cell carcinoma,0.7483,2
aeec721bdc4094e13cfc48cdb942cb5c,folliculitis,folliculitis,0.779,5
d85b334d03ba7a6b528df5b95fdf7d08,lichen planus,neutrophilic dermatoses,0.252,4
8b6987df403c534533234c8fa6dc1576,pityriasis rosea,pityriasis rosea,0.6002,4
859294df6ca2e49a675d48cedcdd3988,squamous cell carcinoma,squamous cell carcinoma,0.4392,3
24e68a7210b0f24b8bfb1f332d187777,folliculitis,folliculitis,0.826,3
c76e39f3b9f28c543849802af257b48e,scabies,basal cell carcinoma,0.2418,5
dca094c9255d1cfe8f706d36dfa35fd9,vitiligo,keloid,0.274,4
6fe9d8fa6c068bc9956cd2faac8ba716,photodermatoses,photodermatoses,0.8366,4
c6fffa922a333ca21ee98ca7a5d58086,keloid,keloid,0.7692,1
1be1d2f398ddc73ec7f7540f255f0964,folliculitis,folliculitis,0.8717,4
014a5d6dcf9e1a5ffe46d5a312174de5,granuloma pyogenic,granuloma pyogenic,0.5893,1
c10080291fe6589de1be028406855bfb,granuloma annulare,granuloma annulare,0.8897,3
e6f1323dc02f7b5a36016b53020289e5,pityriasis rosea,pityriasis rosea,0.83,3
fb286549b06d7db25a7edb78c8287cf4,squamous cell carcinoma,squamous cell carcinoma,0.7889,2
b2dcd42e04260dcbd208c41b7b3d69ce,squamous cell carcinoma,basal cell carcinoma,0.2731,1
1bbb04e3ca7d7640f684595ff9d91f32,lupus erythematosus,scabies,0.3492,5
71db60e90773e7aa01414f403d3e55d5,folliculitis,folliculitis,0.9223,2
f881a387ae9760f0d92643d3cfd46448,neutrophilic dermatoses,neutrophilic dermatoses,0.7684,5
0ccf2d4498a8aa396a12e93cee45c9a2,psoriasis,granuloma annulare,0.5824,2
bc4811c3e767a0b8e604275d3d74eae3,vitiligo,vitiligo,0.7672,-1
9295b5fbfe7f219e4a73ef0d9d93ac05,psoriasis,psoriasis,0.9041,3
68c69c85697f1ec918b8061e23b21e70,scabies,scabies,0.3462,4
3b43b3fb29ff9f8344195cc9d42923d4,granuloma annulare,myiasis,0.237,1
126ba4ed48561892ebe1e3405c9f685c,scabies,neutrophilic dermatoses,0.2219,1
a38c514b6e09c788efe6438a5e76f864,melanoma,melanoma,0.6922,1
6590b385b0fc66eaabac197ebb95708e,scabies,scabies,0.6775,-1
b83f8cbac972072ae74f516a15ad27b4,scleroderma,lupus erythematosus,0.5977,2
a72ce770400ce35db667f4cef6295192,basal cell carcinoma,basal cell carcinoma,0.6836,4
767d9bf4a1f100807ac385ead3a1514f,scleroderma,scleroderma,0.9193,1
cb909e8c25dd2bbb91b0995654bd5a72,keloid,keloid,0.748,1
bce4e08c1b5368c7e5ce30dd65f8c648,scleroderma,scleroderma,0.8185,4
216bc810e2114ba39bf78f680ea133b6,nematode infection,nematode infection,0.8052,2
59f24c0a13f9b37dfd91b0cb5a4d490f,folliculitis,lupus erythematosus,0.689,4
c4e5f447f763122b3f2eb371089b937a,psoriasis,psoriasis,0.9126,2
a933cf003cc523204544c8820bc5c73e,melanoma,melanoma,0.6142,1
456f1d0b536bf05327e230672b7d6928,lupus erythematosus,lupus erythematosus,0.6297,1
8c3366a0c7bcb2592a101d30d145615c,nematode infection,nematode infection,0.8113,2
245748cdc16cd75c81615f233f69d3fe,psoriasis,psoriasis,0.897,6
03f0bf9afe8fb5db0e1e3ad4fdf9a7ad,nematode infection,nematode infection,0.7537,4
cb5b385f3f6d18339194aeb3955f30ac,lupus erythematosus,lupus erythematosus,0.9051,6
2c55416b24b17cbfc05fc156f8c97ae4,basal cell carcinoma,basal cell carcinoma,0.7325,2
9a455359601a111a743f15ec5d9726e1,psoriasis,pityriasis rosea,0.2609,-1
227aabac4aa7eca8fa4b9fb2abddc5a0,melanoma,melanoma,0.9212,3
36c7e8901daa48c89e2521219e6fc4b9,nematode infection,myiasis,0.3841,4
af109cfc81dfefb8ef091dec3e5f8df7,folliculitis,erythema multiforme,0.2828,3
fc8889251884b4e84fdd1232f0dbf45c,folliculitis,pityriasis rosea,0.1718,2
325011494bb03700e97392d8f1401bf3,keloid,erythema multiforme,0.2932,5
455590e891b8d236d72f57274bf47af4,lichen planus,hailey hailey disease,0.7349,3
5646156a385f18648ec4051eb4e33ad9,hailey hailey disease,hailey hailey disease,0.649,1
7c0184023662d59d7a6711abd46cab9e,squamous cell carcinoma,squamous cell carcinoma,0.7869,4
c981272fd9a6623b9b93bfff1d5d21e5,mycosis fungoides,mycosis fungoides,0.7185,2
74ebd26bb5278f3a52cc650c06c1e9c8,tungiasis,myiasis,0.5255,3
c69bf90293e7675be3609c3add68b9ef,nematode infection,nematode infection,0.5961,3
0a633dbb61bed6b4dc5d54cc52376064,nematode infection,nematode infection,0.9323,4
2c819c5d9f58d47ae67df024fd1509f8,neutrophilic dermatoses,neutrophilic dermatoses,0.8303,2
d43ad93f3a3a16a4921ceddf534f33a6,scleroderma,scleroderma,0.8409,1
1d1e43151f411b24f1d5886ffbb153ff,psoriasis,psoriasis,0.8488,-1
fa55371d02e7e3998cdecfeb2e6c3a18,tungiasis,tungiasis,0.9875,-1
b8837a0285f7c4288c772a079c64fb84,melanoma,melanoma,0.6771,-1
7ddc5096bfe8499e4bc73d85a45ed237,tungiasis,tungiasis,0.9079,2
5c403fe1da054bdd574a35472928b3bb,mycosis fungoides,mycosis fungoides,0.6144,5
1f39c3d1c78eb459d4b7d44ac850733e,keloid,keloid,0.633,2
5efd858d93b9671fedbc8c8f13849e2a,allergic contact dermatitis,allergic contact dermatitis,0.9612,2
12c5bb0088533268404035c3c030b7d3,lupus erythematosus,lupus erythematosus,0.7665,4
8ffdb29f0c9a76c8bbd934bb14b8e04b,scabies,scabies,0.7224,-1
7738a1fedc6181dd976623470feaffd4,melanoma,erythema multiforme,0.3146,1
9de1afbb265ce50b1d0829f54fe4b668,squamous cell carcinoma,squamous cell carcinoma,0.6858,4
f08034a69a57680dbe4521f6e913ba22,basal cell carcinoma,basal cell carcinoma,0.7584,3
dd79620a891174b308e5b8187deceb38,lupus erythematosus,lupus erythematosus,0.3912,5
055588dd31ede35b688a8f03fdf07ac1,hailey hailey disease,hailey hailey disease,0.8705,4
e6a50d9bc7646e7bbb2705d9260af530,neutrophilic dermatoses,neutrophilic dermatoses,0.9304,1
7f91aece62f98d1569e650bc671e2d87,neutrophilic dermatoses,neutrophilic dermatoses,0.6442,2
a5ab5f7869835e6113488965a6d252dc,psoriasis,psoriasis,0.8308,1
d1757ed08a5c2a51d7fa3f7e8fae47c6,pityriasis rosea,myiasis,0.7808,4
e09144b47d6b191678bda27f51ece0e5,scleroderma,scleroderma,0.9395,1
a6403dc8647dfae9df1f3d220ffbe673,vitiligo,granuloma annulare,0.202,2
a3adb40d77e92e75fd62f55fb17a89f8,photodermatoses,photodermatoses,0.8713,4
079ae7d3ebe5cf9bfe97e1e29bbfd780,kaposi sarcoma,kaposi sarcoma,0.741,2
7c71c09b51598070abb91a1e7d9061df,psoriasis,ehlers danlos syndrome,0.5575,2
69f789e20015469222cdea3d832605f2,myiasis,granuloma pyogenic,0.3738,3
870781e7be87057fdec573c33e7f0e9c,psoriasis,mycosis fungoides,0.5146,3
127b90b0392a0eb74decc9ae0f526821,pityriasis rosea,pityriasis rosea,0.8626,2
e4ab5741f14c29c55e50cccea84d2eae,erythema multiforme,erythema multiforme,0.6814,3
24b4397195a7ba354afc2980387683ce,allergic contact dermatitis,allergic contact dermatitis,0.4095,3
4265fc06120ecf7a4bfc72f60ef1f927,neutrophilic dermatoses,neutrophilic dermatoses,0.5572,5
89fda50d6f2ac9fcc9162d73b679e507,lupus erythematosus,lupus erythematosus,0.9519,6
ec34d27ecc1fd0a9841d0548cc525305,erythema multiforme,erythema multiforme,0.8326,4
02a426afaebb4d1d9e8568d85c27dd62,hailey hailey disease,hailey hailey disease,0.6506,2
ecb12338c649b55a198e5243157b0ec1,allergic contact dermatitis,myiasis,0.4382,2
125846d3ecadfc1e56456bce3ebd9e86,dariers disease,dariers disease,0.6859,1
d74b0d7f18b693b742cc62fc11e602c8,lichen planus,nematode infection,0.2095,3
e6849771d5adcf58e5ee1fd538816842,scabies,nematode infection,0.3977,6
4b15e7233b49a1fed8b9bfbf93d146ef,neutrophilic dermatoses,basal cell carcinoma,0.2381,3
5492bcfe87eb32401225a4ababbdad52,melanoma,keloid,0.4251,5
a991a190c5a4e42a47b0b3ec351c45aa,ehlers danlos syndrome,erythema multiforme,0.5305,2
0ff329cb5100e3cb6a66875164d2ae33,nematode infection,scleroderma,0.2197,3
b3cfeb8cb9bf30a43562c363a4d332ee,granuloma annulare,granuloma annulare,0.8124,3
693c9f8d859c5b8ea505d520cd75e0c4,psoriasis,psoriasis,0.597,5
73f55e129ba72bd586227ee3d613416a,granuloma annulare,granuloma annulare,0.402,4
b2b20e28c38e1dffc1943a4f152f8927,psoriasis,scleroderma,0.5273,1
990d78eb61cc7e59bd11061bfa809895,psoriasis,psoriasis,0.978,2
0b509e4af2d8bd0d07724e68dc0114b1,pityriasis rosea,pityriasis rosea,0.3707,4
4a6f9113fff41397da716fc6f1bb1664,scabies,scabies,0.719,2
2b93379c7758c89367753be160dbed99,scabies,scabies,0.7359,3
5c4f07cadd546134cda4f326de4f39ab,squamous cell carcinoma,squamous cell carcinoma,0.9355,1
36279fe72023d2adff8bc5f5cde85af6,keloid,keloid,0.8964,4
b529b4dcd345f5499dc5c9a48bf1a244,allergic contact dermatitis,allergic contact dermatitis,0.8829,2
75d9082e5e87d5776c563bc924965b18,basal cell carcinoma,basal cell carcinoma,0.8627,3
6a79942fa26a80fefbb6e85bf2ed5748,lichen planus,lichen planus,0.525,6
97da337a40774cdeb575f72bcec16027,dariers disease,dariers disease,0.666,5
35795df3d50bb359f4d80463cb2f5059,granuloma annulare,granuloma annulare,0.8325,4
49aea559a766c1ce6833b161563c3423,psoriasis,granuloma pyogenic,0.0432,4
9e9ad2f0f10397646ed60aaa43e83bd7,folliculitis,tungiasis,0.3192,3
24206a1f0436672b7aa70004157bd47d,lichen planus,folliculitis,0.3778,5
24813ef3a09dfaa10ccd4fec64e1b0b5,photodermatoses,keloid,0.3001,4
e315386a7e0883b63baa90837ebd58cb,psoriasis,psoriasis,0.69,1
7ab27dd82e5e58090d3243f1f8b4bc20,allergic contact dermatitis,squamous cell carcinoma,0.1453,1
d6a87758ca1e4e76980e93cc9835a949,lichen planus,lichen planus,0.9093,4
023cf877e8907b4d265f104de1746f9d,ehlers danlos syndrome,psoriasis,0.1039,3
433100113d3ee62e2339b78e28f1934c,lichen planus,lichen planus,0.8195,5
47d2cf8ad5e2a8f673060480a1c3462f,basal cell carcinoma,basal cell carcinoma,0.4459,2
9ca9d8e0946f6d8598daad6770b5581f,basal cell carcinoma,basal cell carcinoma,0.6344,5
f593b870c3ab7535b7a06f6e266bc5b6,ehlers danlos syndrome,ehlers danlos syndrome,0.4388,3
2808367bf0ddeab2ce4050a24aaab39a,lupus erythematosus,lichen planus,0.5514,3
6fab1568348c085de7d823c17ab19344,neutrophilic dermatoses,neutrophilic dermatoses,0.8942,1
d9ff106f9e37023b892152ad1c2b0f21,kaposi sarcoma,ehlers danlos syndrome,0.353,2
3775d9c4eb04403518cd9a3e002a9a7b,tungiasis,tungiasis,0.9322,3
a635aac0c468dd48b0ba5a5f96929d07,allergic contact dermatitis,psoriasis,0.2844,2
860fa241917eb601c41de191a6fab1f8,kaposi sarcoma,ehlers danlos syndrome,0.6985,3
a6d69d2d516920d48d998f5cf89697e6,psoriasis,basal cell carcinoma,0.7555,5
51a6498e1f000b7e66867d80214a2040,lupus erythematosus,lupus erythematosus,0.7606,2
c85eedc89cbdfd839248e8f58a20234e,lichen planus,allergic contact dermatitis,0.1266,2
a555e568fa20fa217feefd91bc4ed7b0,psoriasis,ehlers danlos syndrome,0.7815,2
4a0267217fe77b50c3c629bb272e9ebd,nematode infection,nematode infection,0.5773,4
664d794014b44cfa24cd8c4c864be636,squamous cell carcinoma,squamous cell carcinoma,0.8876,3
5b80aba14b5caf42e854d17d3cdf2df2,basal cell carcinoma,basal cell carcinoma,0.6519,1
2106dfaaf3ec8f14dd2b909b96ad59bb,lichen planus,lichen planus,0.8239,5
ffbbb478933f9d8c6f014e1b0e49e3a5,neutrophilic dermatoses,neutrophilic dermatoses,0.727,2
a6f451d82e7197c504460505870edb5a,psoriasis,psoriasis,0.8673,5
11925cb51f50d1a8a04d003783ed54ca,tungiasis,tungiasis,0.5743,2
e0a38024961fc28959c68774b661307f,folliculitis,folliculitis,0.8986,2
bd41a4fae6c99719fb10835b63290f47,erythema multiforme,erythema multiforme,0.9515,1
896d5d90bf10dce7e09e6e30e1483602,allergic contact dermatitis,allergic contact dermatitis,0.9229,6
7568af6988468f11b634976e6456bbea,neutrophilic dermatoses,neutrophilic dermatoses,0.6006,2
41a0cdda39f31a626fb90e2e06ce7e4f,pityriasis rosea,pityriasis rosea,0.9638,4
5fbf1e0b21a10f252725c5c1a5bb5b42,neutrophilic dermatoses,neutrophilic dermatoses,0.8194,3
755bf21d14bf061df211b60e58e8e1dd,squamous cell carcinoma,squamous cell carcinoma,0.8111,1
ddae49c6b9f879444bfcdd1e6abd8325,basal cell carcinoma,basal cell carcinoma,0.7459,1
d7c4be13319c37084dabfcec66c3b4f8,myiasis,psoriasis,0.5332,-1
3ae0171891b943ef65138f289c5ef5d7,photodermatoses,photodermatoses,0.6689,1
d0a129b14a662af0baf5d5c767d9c28f,scabies,scabies,0.5569,4
ef06135ac9efdc36a986c6e2f2d6fd22,lupus erythematosus,lupus erythematosus,0.6576,2
cec2228d074378a834439f7b04aebdfd,vitiligo,vitiligo,0.6737,6
8a77a95401ac6d6224c116fe9e038453,hailey hailey disease,hailey hailey disease,0.6563,4
5423e2d3ad68054e7b51e27e146fddca,basal cell carcinoma,granuloma annulare,0.3558,1
bdbf017835e1963e6566efdeb71696d5,vitiligo,scabies,0.7565,3
7fd141e0b81e5573612d46472ec9fe52,melanoma,melanoma,0.7484,2
0bbce93bf42cfa2165ab4f2930845cd4,mycosis fungoides,mycosis fungoides,0.8335,1
ef6b1323e2822f37655d595f7d7494f7,psoriasis,psoriasis,0.7587,2
71592feeff8bbed08146af1632452e3d,scabies,melanoma,0.4868,4
cfac354a935d881a6e007152b8a585be,neutrophilic dermatoses,melanoma,0.4412,2
828fe7e93a111fcdfcf27dda66adc4f4,lupus erythematosus,scleroderma,0.2913,4
7d89608196f3e849704d412ac489d765,psoriasis,psoriasis,0.9762,2
a2da26b8675997b23fd741920c285de4,keloid,keloid,0.8851,2
f2327dc6bf154de3dec0dbdb99f4468e,squamous cell carcinoma,squamous cell carcinoma,0.9691,1
18fdd27ca2ac90f3ff81bb893ebf3c46,photodermatoses,folliculitis,0.4798,3
127295a4be6d014be0eb23ffc6da700d,mycosis fungoides,mycosis fungoides,0.8003,3
292e08f12fea96ef5e0fe9595052ed8c,allergic contact dermatitis,allergic contact dermatitis,0.6959,1
f8ded86375b789d96330f32e8ae8cae4,photodermatoses,ehlers danlos syndrome,0.4285,3
ebbb5a35ed84c1979be363aab1e41170,psoriasis,lichen planus,0.7582,1
a96448812cc3e304fe7a609795bea178,dariers disease,dariers disease,0.851,1
0feaa5737385af0f2e0e91506a3286c6,lichen planus,lichen planus,0.9133,2
1bf91a83418fa163a455269a08aa1d86,keloid,photodermatoses,0.14,1
e860e33eb4258dddce25faa7ab9f55c3,scabies,kaposi sarcoma,0.1945,5
fb7470ace7d0cb469c58921ca6835f75,keloid,keloid,0.7096,6
e063d2152e55e9676e86832ccbc65957,kaposi sarcoma,kaposi sarcoma,0.7242,5
3176b29a4c60eb92ba476b47357658e9,allergic contact dermatitis,allergic contact dermatitis,0.5733,1
11ac867b9e3bd555d22a4945ceaffcf6,basal cell carcinoma,neutrophilic dermatoses,0.1342,3
038072ab255ee58d9e2d0fd10be20648,squamous cell carcinoma,scabies,0.4741,5
9e8903b8eeb2a13655efe26bdb67d913,pityriasis rosea,pityriasis rosea,0.7964,1
e8532b51b0ca1fbd24c9ce4f15cab50c,lupus erythematosus,neutrophilic dermatoses,0.2717,4
af048401c6e99acaba177eef6c43c45c,squamous cell carcinoma,squamous cell carcinoma,0.6763,6
468b8516ba9a498845ce759b91ff10c4,psoriasis,dariers disease,0.2802,2
7b4fc03ca7a9cc55dc3ff0722734a669,photodermatoses,photodermatoses,0.8775,2
ac7db58519e965e2e6ecbbca8463d220,neutrophilic dermatoses,neutrophilic dermatoses,0.8033,1
6b3bedc79a1599a22805e00ad50130ea,dariers disease,dariers disease,0.6372,4
079538c6fb89b15f174c26cef78d38c3,lichen planus,melanoma,0.1372,2
f935fa47298bbedf59b6cd1409ce24b5,lupus erythematosus,lupus erythematosus,0.7602,1
cdb9d51cd1835796a6f898537693ee69,basal cell carcinoma,basal cell carcinoma,0.9534,1
0fb01a434e31974c6a9154e86e9024f1,vitiligo,vitiligo,0.6714,4
1901cda6ee98f959bba2cbfbc25ed81c,lichen planus,lichen planus,0.72,2
f75d765e313fe8cb1a4a62de2eff6678,scleroderma,basal cell carcinoma,0.3234,1
9bf25f5c239b6db281195377f1a03815,psoriasis,psoriasis,0.9685,1
e48d91bb0d6ce9221b89b9662fce4473,basal cell carcinoma,scleroderma,0.2251,1
81cd223791c52b6dc9735224c01f23ae,folliculitis,vitiligo,0.607,2
77d4b8dc95f05e86c834638a5e0a368e,nematode infection,nematode infection,0.7217,4
8acc8d28a8f6040d23041bfbf16fcf09,melanoma,melanoma,0.6036,2
b9afa929d75b82cbd320d2fb73d7b059,folliculitis,nematode infection,0.3414,4
dc7daff63cf68f860ef726a2fe1c6fe2,erythema multiforme,melanoma,0.4045,5
9a6f20d3bb54fc4be001245d0d835600,neutrophilic dermatoses,myiasis,0.2981,5
ba6f2488d4d99cd5c620e50402f5f6d7,psoriasis,pityriasis rosea,0.1019,2
900ba627936c13ea267ac7117f190fea,erythema multiforme,erythema multiforme,0.7516,5
813110f4196c27f35beec9dc2431c7e2,folliculitis,squamous cell carcinoma,0.7565,-1
fd1fa18a3033459631670d50b9b5bfc9,melanoma,granuloma pyogenic,0.2612,4
e5ad8f497e1246ffd4ef79b930670250,melanoma,melanoma,0.7313,4
9027ad2da04a7b93ca8398e828bd35b1,photodermatoses,scleroderma,0.4096,2
aa5a43b11014146e92a309ce37eaddfc,scleroderma,scleroderma,0.7814,1
9086406032bc408eadf08d23380c20d3,psoriasis,psoriasis,0.853,4
f523a69b01629c390c3b8009f7f75926,scabies,folliculitis,0.0253,1
5d25c6673ea2d8b1268f9b644723843d,basal cell carcinoma,basal cell carcinoma,0.4617,3
5a9232c6394a9919c4c9fb9d4dabbd9d,kaposi sarcoma,lichen planus,0.4809,4
04602d7c087dff1d1342be5dc0cd96b7,neutrophilic dermatoses,erythema multiforme,0.1319,3
ffe829319653c0107013d5395eb60161,scabies,scabies,0.6406,2
674421e19c97890c1c30aa37830b726a,lupus erythematosus,lupus erythematosus,0.6468,4
953e8df24bcff6e0b7161dd615fb122a,folliculitis,lupus erythematosus,0.3207,2
c1bd2834e47368a98ac5387648ea9d3f,neutrophilic dermatoses,melanoma,0.6238,6
25d23d51892cbe61aa9ec03457b6fad4,squamous cell carcinoma,squamous cell carcinoma,0.4228,1
5c1b3c10ea1805149de1ac89704a6116,lichen planus,lichen planus,0.858,2
416314fa1a29ea3061be1a60892b8607,allergic contact dermatitis,granuloma pyogenic,0.1388,3
e59b9adefae0522acced0247d22afff0,mycosis fungoides,granuloma pyogenic,0.1524,5
4d0b19bb22cc951c9e3d4460a0e3d956,psoriasis,psoriasis,0.7979,3
be3917e8de363b96d6c8684d8940c7d8,folliculitis,folliculitis,0.7324,2
a127db0a5ff8c040a406230386a58ac4,neutrophilic dermatoses,folliculitis,0.6297,2
d756d0aafe97e106db63137967caae6d,nematode infection,nematode infection,0.4463,5
3154e92421c047901aba2d88a763de8b,nematode infection,nematode infection,0.8712,3
aae3cda749d4fc006099a3152c3fbe9a,folliculitis,photodermatoses,0.5239,-1
3b2390db9f751a0c32e6710232e651ef,folliculitis,folliculitis,0.6829,2
bebb3f7ad5854688a38bf544ebb54950,neutrophilic dermatoses,neutrophilic dermatoses,0.8877,6
2d6f85b75f971b75af2b9fe555f72527,lupus erythematosus,lupus erythematosus,0.8217,6
cf15af89cc32138a931135901483b50c,psoriasis,psoriasis,0.7266,3
fcd5f7ca7d0188e97fc543dcecf797ac,nematode infection,myiasis,0.4665,4
e8fb721630c15dec419b72f8516a0c2c,psoriasis,hailey hailey disease,0.7893,2
018023141989920b3b7e89223d90d8a0,erythema multiforme,vitiligo,0.2315,5
966a7288222d478a6f2c424fd0cd6823,lupus erythematosus,myiasis,0.249,6
b4023c3f77bef8f43d61b8ac9c820b63,neutrophilic dermatoses,neutrophilic dermatoses,0.3902,3
66b4a73cdee95c83fb122c836c224487,allergic contact dermatitis,keloid,0.7282,2
20135a88216aad60c409dc97dde06e73,folliculitis,folliculitis,0.5369,4
a23b4bc142e35931955c4be1ca0ba458,lupus erythematosus,psoriasis,0.3257,1
76f149867c237269aed82646a2634ada,lichen planus,psoriasis,0.7137,3
f6f3feca0b84aed49bc4d47c8264ea13,lupus erythematosus,lupus erythematosus,0.6939,3
b9f1dfe37359a74aaec2c78a1c6863f3,myiasis,myiasis,0.8421,3
9beeeb0b8f6d8468c3e88cc31006deae,mycosis fungoides,mycosis fungoides,0.5134,2
bbfb27da062cb4294b96cd6a997df226,neutrophilic dermatoses,neutrophilic dermatoses,0.4824,1
2f0acd4b95d412c2a6ab86cb3c2788f2,folliculitis,folliculitis,0.7451,5
4914fa9dae16b9762acae30d0349ad85,basal cell carcinoma,erythema multiforme,0.4553,3
3e26d21c1878bf9ffaf937ad2d5c8f1a,scabies,scabies,0.9667,4
daa9930b07d82514558f7ea33eae954c,psoriasis,psoriasis,0.8097,2
c2f561a01d45ee76997f8bc4cb64b6b1,nematode infection,ehlers danlos syndrome,0.5808,4
3042a71577705ce4987379043d185ab9,squamous cell carcinoma,squamous cell carcinoma,0.963,1
4e477e46ddf40e2559f938fa5f87c3bd,granuloma annulare,mycosis fungoides,0.0539,1
33a37e1dec5b38b3a1789e3f3f18d506,psoriasis,psoriasis,0.9713,4
81d85b24e58909760740b2519e58b5ee,squamous cell carcinoma,squamous cell carcinoma,0.6741,1
ef9199a3fb5df126aea75881f9900aa9,neutrophilic dermatoses,pityriasis rosea,0.2332,3
aba1cb1aed55ede8db7ccdd9bcd5e9ff,pityriasis rosea,pityriasis rosea,0.7217,3
c736bd3b26464c92ea7d5410636e9133,allergic contact dermatitis,allergic contact dermatitis,0.7685,4
a5a355561aa62dd374d3bd2e52926d66,basal cell carcinoma,basal cell carcinoma,0.8359,2
0fd4f7d195dd7b1355d2389d8b2ed1dc,basal cell carcinoma,basal cell carcinoma,0.986,2
26209329d60bd19c12487b020212a25f,neutrophilic dermatoses,neutrophilic dermatoses,0.8062,2
c8e68708f82d91fe793490779a96a312,psoriasis,keloid,0.5918,1
d3294fd54c2872b4e0d88f6b01e810b9,lupus erythematosus,lupus erythematosus,0.9593,3
a68cabf402342a838db566d01ec3d1e5,lichen planus,pityriasis rosea,0.4134,6
00fbe816d5162b95b48f4c7d7bdf97f9,folliculitis,folliculitis,0.9425,4
77c6fecb48d96c9227d5dfedffff63c6,keloid,keloid,0.8926,4
4812b02d37fe9c73bd74ae162fea4026,erythema multiforme,erythema multiforme,0.8476,4
ee9728f1e771a1922abe13af66282b41,basal cell carcinoma,basal cell carcinoma,0.8686,1
3887855c8303e3c019d89f384140a9f9,basal cell carcinoma,basal cell carcinoma,0.9696,1
0ca7391635dab0884c85a1d929e723aa,basal cell carcinoma,basal cell carcinoma,0.8827,2
730e946083fd36c5e8722f88c178a1a6,squamous cell carcinoma,hailey hailey disease,0.3759,1
1950c3fa9ca98557965e79889d2601ab,folliculitis,folliculitis,0.5125,1
da0546bd165126ebf7b544bee8991ece,folliculitis,folliculitis,0.7532,3
b0bdd7186409ed2efd7521a453417b0b,lupus erythematosus,lupus erythematosus,0.679,4
f2fc1714d53f806603228724a49fd1e7,psoriasis,lupus erythematosus,0.3163,5
96746e120d7bdd16f94b5a1b1d581c32,lichen planus,lichen planus,0.6154,1
17bb114a58cb47db3a38317333084a66,mycosis fungoides,mycosis fungoides,0.9271,4
83c748bcf5cad141cb48f5acd6851c78,squamous cell carcinoma,squamous cell carcinoma,0.5957,1
d86cdae2dec00ba68848f76dd5866374,squamous cell carcinoma,squamous cell carcinoma,0.6698,2
3e82c93e76615186bc13924b6d8eff56,scabies,erythema multiforme,0.3805,5
2cdd5280c2c5286b4bf4fc63c9dcbefb,scabies,dariers disease,0.4655,3
fd9f64aa621e594d1cfc15dd759a8c0c,allergic contact dermatitis,scabies,0.3356,2
4eac90794695a5cbf4d632bce355825f,mycosis fungoides,mycosis fungoides,0.8595,2
5454a92e7917af825479fb57dc273a3d,erythema multiforme,erythema multiforme,0.8264,2
bf5a8e0534daf9c4b15c353d3af160dc,scleroderma,scleroderma,0.7456,4
658d71c642fd7031e4ffed067bc41167,tungiasis,photodermatoses,0.7808,4
9255b18c770f58de26221d16839fadb2,basal cell carcinoma,basal cell carcinoma,0.7874,5
4695bfda5557fa0aaae6e81d4492e0a5,melanoma,melanoma,0.5458,3
2794881f1e1b25f59847f9ea25a2db53,scabies,scabies,0.732,5
4dd546d9b4ce1104382b9e5b906662c4,scleroderma,lichen planus,0.6862,2
bcd558c86187bde3ed013eed7b7cfe5f,allergic contact dermatitis,melanoma,0.4007,2
c0901ea10a72665f35e0a44da7cd05fa,granuloma pyogenic,photodermatoses,0.4025,1
fa2911a9b13b6f8af79cb700937cc14f,photodermatoses,photodermatoses,0.8841,1
0520fcdddaef40d6a6aeb4346396f13c,scabies,basal cell carcinoma,0.1917,1
4c3c05b2160d35c58d567d0e8fb111f6,lupus erythematosus,lupus erythematosus,0.7922,4
12b43527060343247fd614f1c7f37c3e,allergic contact dermatitis,allergic contact dermatitis,0.8242,2
d2c77aa81ca884f99174471132bd3e24,basal cell carcinoma,basal cell carcinoma,0.8085,1
b5f635cc972221033ffba28dff5ca7bb,photodermatoses,photodermatoses,0.7015,2
adf918a971334d6c03aba89f942ec9ad,squamous cell carcinoma,squamous cell carcinoma,0.9219,-1
274c0a9b9a84d70845fd5a22d63c6bd2,psoriasis,hailey hailey disease,0.6762,1
e702b1a7dc40aa1d8e85ccdb019c4ab2,neutrophilic dermatoses,lupus erythematosus,0.5521,1
f99170b7f7c4a1ef438efa6ee589ef9e,granuloma annulare,granuloma annulare,0.9113,4
e83a91547ae74f206135f5b5fff97b0e,squamous cell carcinoma,squamous cell carcinoma,0.8432,1
bbe2ba6d1c72c477dc514277aa950a6e,squamous cell carcinoma,squamous cell carcinoma,0.7531,2
571a7ca172102713144a90ebef56f79a,squamous cell carcinoma,squamous cell carcinoma,0.5655,1
04ec9f7ab6dd2bde77c7f5178d705108,squamous cell carcinoma,squamous cell carcinoma,0.8405,2
633c0b98088b63d47969b99afa8acfc5,psoriasis,lupus erythematosus,0.6204,2
bc587919dfbc90bfa504ec2a338cc3ff,folliculitis,melanoma,0.4857,3
13df4524d577d218b0e24c5b1ed9c229,scabies,granuloma annulare,0.3083,4
eb6bff13a9119265b3a3bcc4474bec96,squamous cell carcinoma,lichen planus,0.2022,3
8bb8ab3573fe7a45ed25b908a923b7b9,lichen planus,lichen planus,0.5006,2
d48ef382ac315465ba4322ca3b660c8f,squamous cell carcinoma,squamous cell carcinoma,0.6957,2
bad01bca1fa0016dc689496977542ae3,lichen planus,lichen planus,0.8107,4
553aea0cec872ee5acfd991c68ade9dd,scabies,scabies,0.8917,3
bdd55ff946840fb3ff3ddf64f2505aac,allergic contact dermatitis,erythema multiforme,0.3182,5
db6590971625b0e98971f449b4ed6ee7,melanoma,melanoma,0.8613,3
cf3b01729d86987ce7441fb9e750a77c,lichen planus,lichen planus,0.8231,4
00be4bcb99952d90daaf06a8fcc9e17b,lichen planus,lichen planus,0.5788,4
b280c5c8428278067af5a0d07409f6c6,squamous cell carcinoma,squamous cell carcinoma,0.625,2
0ee03f06d9a0cb0b1773f9d2e45c66a4,granuloma annulare,dariers disease,0.2711,3
d8df89bb128c714499234847d0a790df,neutrophilic dermatoses,granuloma pyogenic,0.0746,1
60c20c7458e1a508b96bd1dec2702e3b,basal cell carcinoma,basal cell carcinoma,0.8819,2
4abdcd1c0f5aba8b2841a2b12167debd,neutrophilic dermatoses,hailey hailey disease,0.0484,4
d7228b32f2fe588bba948336b4ffcdb3,scabies,scabies,0.814,2
74bc180ce4619e21a8a8d425c4e86765,melanoma,melanoma,0.9161,3
75478b2af18a5e000795cf6f7f4ca1ea,granuloma annulare,granuloma pyogenic,0.1366,3
91b754b6f5859fbd98591a3ba5a9c19d,nematode infection,nematode infection,0.9243,2
d95c392d3e9ee2f7adbd7ddbda21d686,basal cell carcinoma,basal cell carcinoma,0.878,3
dd1e5341abf790e6740417fb54684174,psoriasis,psoriasis,0.8365,1
b7baeb55d5be5b14b53ada6fbce55176,neutrophilic dermatoses,squamous cell carcinoma,0.3387,4
374d04e8e7a17d539331019772b2823a,lichen planus,lichen planus,0.7129,1
51f8b09512c97e6c0782bd1dbfd8b353,neutrophilic dermatoses,neutrophilic dermatoses,0.7934,6
f44f3454329e674663e68da31c24e674,basal cell carcinoma,basal cell carcinoma,0.6828,3
bc5e44de9cbb84dd209f0f63e98b849a,lichen planus,lichen planus,0.8684,1
fe091e0941ab8aa23b68ee10a4e53209,neutrophilic dermatoses,neutrophilic dermatoses,0.9373,3
c4162a6ed95079874a9b755a5cfe3ccf,folliculitis,folliculitis,0.8707,3
9fdc1b6cbd53425309eebafbd3c4ec55,pityriasis rosea,psoriasis,0.5049,3
5ff2e2cbcbb9f92610ec54dca324d149,basal cell carcinoma,dariers disease,0.2907,5
548774165893f4fa827d6a789994940c,scabies,scabies,0.9394,3
6c7295b0fe4e79b783c060a5e63abb33,lupus erythematosus,pityriasis rosea,0.5233,5
3c998a7251232cb7cf85d714d1ab4f9f,scabies,mycosis fungoides,0.5635,3
96953a29035dd01e058eae50c19c59cb,psoriasis,keloid,0.5679,2
d01337f8d17fdd01de9b10847478b9d7,psoriasis,psoriasis,0.9417,1
1a05e44b2688e6d7503237b82e228e12,hailey hailey disease,tungiasis,0.3668,5
547fd367c30b04f56988da2c5aab46f4,squamous cell carcinoma,squamous cell carcinoma,0.7903,1
102765ff09884862ea2f911b29a9b14d,squamous cell carcinoma,myiasis,0.3821,3
815e61104e290b73f67b95ea2e816f9f,lichen planus,lichen planus,0.5749,5
3e53e7a889cac53dd215f3b1c803beaa,photodermatoses,photodermatoses,0.7364,1
437d88d400cdc61cad92afbc5bde6435,psoriasis,psoriasis,0.7965,2
be02fb510942610a3b5892436e4ff59e,granuloma annulare,granuloma annulare,0.9013,4
7a0d4f1dd17a52bf9cb542af4c9142af,squamous cell carcinoma,squamous cell carcinoma,0.7516,2
96e378d635e9adc6fc3d9d1b26b2ae55,granuloma annulare,nematode infection,0.3145,5
5d933aa02b5d9322f19172daaaa7b143,scleroderma,allergic contact dermatitis,0.3231,3
df5a3edf24c4ebeb6fd8e5f892244438,psoriasis,lichen planus,0.6595,1
f43f1d220c2061be70ccce775c095c1e,neutrophilic dermatoses,neutrophilic dermatoses,0.8228,4
81cc9350eb2e3065798fd18d17cccc23,neutrophilic dermatoses,neutrophilic dermatoses,0.7609,2
3c84664da350c7b21c22ae2a2505ecc8,scabies,granuloma annulare,0.7308,4
a3ffb2611430aed38c00bc0fab30f013,psoriasis,psoriasis,0.5466,2
201b60c7db080d825db77b4c163b94e7,dariers disease,dariers disease,0.9658,4
69425e7f864b9775266eca2c328fe766,melanoma,psoriasis,0.5292,2
f420eb73f0b50a89b5fddccc85796062,basal cell carcinoma,basal cell carcinoma,0.8531,2
8e27e1c80461012a95f2c8e9fc1adf59,scleroderma,scleroderma,0.8778,1
99ed7ad5cc8a9bcec0ccb323942ab68f,mycosis fungoides,scabies,0.1499,3
b995952866ae3103145c29d15f11f8d8,kaposi sarcoma,scabies,0.4171,1
1790aa365d77f0c439ebfd66bfe1383e,lichen planus,squamous cell carcinoma,0.5144,2
aba17d768d51a3ae9fa15e44f258e15f,psoriasis,psoriasis,0.5787,2
ac1a78be3879f282c9aad636dac5ead5,hailey hailey disease,basal cell carcinoma,0.1972,3
993c2ed511a88ea5fb1cbfe46c1737f8,folliculitis,ehlers danlos syndrome,0.3568,-1
f3bcd092e83d006da385108d53b90961,nematode infection,allergic contact dermatitis,0.7803,4
908045b5305a4ff2f74eaa6b7f56ff84,vitiligo,vitiligo,0.8418,3
ea34dc72c3af6639a8384c6772e732ca,allergic contact dermatitis,allergic contact dermatitis,0.778,4
44b0916f218f564db263ff46a009d212,folliculitis,nematode infection,0.3058,4
3077da4bc71187e78e3c8e30053e1d6a,myiasis,myiasis,0.8728,3
eff7f8d34ec480f491f4cf71449976b0,psoriasis,psoriasis,0.8974,2
6a21e88919a26bac56ebf3361f946ff2,nematode infection,nematode infection,0.5045,5
99ba2c8a842169e959ed28d2bc2b10df,allergic contact dermatitis,folliculitis,0.5171,2
ef40d12ba3a0d0f88336a4be172bdf16,allergic contact dermatitis,allergic contact dermatitis,0.6583,1
f1a8ee83b4685293766735b551acea9b,basal cell carcinoma,basal cell carcinoma,0.8939,3
67c22c4a5752ed31f1b8cd029b11b935,photodermatoses,photodermatoses,0.5377,2
2cd2acd9ecf22ba6f14ed454897548e7,photodermatoses,photodermatoses,0.9305,2
a3063d86bdf87b3d0b6570b4c415aa8f,folliculitis,folliculitis,0.8209,3
7ea9592c68e6f814c8120152504eccac,lupus erythematosus,allergic contact dermatitis,0.4926,5
28dac4a63a280810e4711ab336364322,pityriasis rosea,neutrophilic dermatoses,0.0653,2
5dcf89822b03a9620054dcddfb327cf5,squamous cell carcinoma,squamous cell carcinoma,0.7984,2
b7ac5e40aa538bb0b260e25dec41aedc,ehlers danlos syndrome,ehlers danlos syndrome,0.8503,4
af0383779a0563d33f0794d56dc03995,photodermatoses,photodermatoses,0.7304,2
50c825e6e56ab72f1ecde0328ff77277,folliculitis,pityriasis rosea,0.5743,5
f4d165a90bdc5f494bca583dec8d7a51,neutrophilic dermatoses,neutrophilic dermatoses,0.7611,1
0739950b018db7b6307e97ae999c6139,allergic contact dermatitis,allergic contact dermatitis,0.9072,1
c0d87b8dc5b8419b85c8fa07517007fd,squamous cell carcinoma,squamous cell carcinoma,0.8726,1
da271f44386a99c6d96745c0c766217b,photodermatoses,photodermatoses,0.9961,1
3de45dbc1ff830c284cad49028ba6147,scleroderma,granuloma annulare,0.3223,1
3ac95b5f8a80d428b296c61bc130562d,scleroderma,keloid,0.7564,3
8686f8f281dd792d476d1f21c027ad7f,psoriasis,pityriasis rosea,0.6626,3
c84a8774938c008cb188779efa58dd16,basal cell carcinoma,dariers disease,0.1534,4
bccab73c32aba48c90602de9bb458272,neutrophilic dermatoses,neutrophilic dermatoses,0.6391,-1
376431b2b70c08cf150fc064c589731b,photodermatoses,photodermatoses,0.7221,1
73e337bc592e0756d47339af2bc4076a,photodermatoses,photodermatoses,0.7962,3
7d174d796a95519616f9efd9db03c4c4,photodermatoses,kaposi sarcoma,0.2634,4
adc6c93af94ded797a871f56875d1677,lichen planus,lichen planus,0.5234,5
e11d8a5581a737afa24b5da28b0ebe5b,basal cell carcinoma,basal cell carcinoma,0.8991,1
9979fe145b4f86f750c8469342475377,erythema multiforme,erythema multiforme,0.7962,2
d94aeef7f8b6abecf19465d62cbaa8fb,nematode infection,nematode infection,0.6527,2
2c79733c61410a23fc552f390b2963ed,kaposi sarcoma,myiasis,0.6601,3
dd334572680595f5e7ac09a3b549296b,lichen planus,photodermatoses,0.1027,6
d187e996edd4572afb40528c4caa27e9,photodermatoses,neutrophilic dermatoses,0.5033,1
419aacd8e40595d30ddc506da45f68e1,psoriasis,keloid,0.5263,3
170ed3a3d229937e355c091bf5c75d40,kaposi sarcoma,pityriasis rosea,0.336,4
670e2d45784467ce1ef243cd62bde464,nematode infection,nematode infection,0.8279,4
e170d124649f3cddf0e8d2ac7a4e597f,melanoma,melanoma,0.8936,1
628718f485ff1b5e93d3f4f419db44ea,photodermatoses,allergic contact dermatitis,0.2738,2
8d3ead4cd61d19b8d57a6c2b274c5f0a,psoriasis,psoriasis,0.8039,1
6de447a43bdde9d2d681aaf5e344b1ec,granuloma pyogenic,squamous cell carcinoma,0.5813,5
38312d988df60f7f25ca53937121b87a,neutrophilic dermatoses,kaposi sarcoma,0.212,1
3b7dbe80a5fa8ca9af3620b1d79acec6,mycosis fungoides,mycosis fungoides,0.8565,3
95edb9766f29debd5449e141f0f40489,hailey hailey disease,hailey hailey disease,0.8432,2
763ed484fcc50bf7b67cc44f95bac95e,folliculitis,folliculitis,0.8395,-1
a54bf7abec702ad474be9d854a24ff3a,dariers disease,dariers disease,0.7527,3
5b7015646628d7cea3e550bb8d3b43ee,allergic contact dermatitis,allergic contact dermatitis,0.8431,1
ed3db0e7f243a3f3e869aa7db3e7d9ca,scleroderma,scleroderma,0.7906,1
911715dfb0f886d31853a6606392e2ef,hailey hailey disease,hailey hailey disease,0.7833,2
4d1aa40f1100ada7e466ce33a98a121d,allergic contact dermatitis,ehlers danlos syndrome,0.1487,3
de2a6626fa354f736fae29f7402956f1,squamous cell carcinoma,squamous cell carcinoma,0.9526,6
9aced25f0da2ff491cf0da3fee0a8f3c,melanoma,pityriasis rosea,0.1791,2
320c62f61b5bd2621bc6bd009ba81cca,hailey hailey disease,hailey hailey disease,0.651,2
a177a5fc4b0e7033c39fb4f2503279ab,melanoma,lichen planus,0.293,6
68cd6c2474a38716c149a5e76d383703,basal cell carcinoma,melanoma,0.3554,3
db5346bcf1655106cbe32b9de8a199d9,neutrophilic dermatoses,vitiligo,0.4691,-1
8df8000fadb67f2753a272755570eb5e,hailey hailey disease,hailey hailey disease,0.9333,5
dc0b089b0c2ee5f0eea901e28846e780,lupus erythematosus,folliculitis,0.4484,6
3e6b4ab56597dce5f196f82b752c43b2,squamous cell carcinoma,tungiasis,0.395,2
35d78b622b17b403527abe9ebad12438,squamous cell carcinoma,hailey hailey disease,0.2245,4
d0eea0ab5d1d2a33efea4e0257a03825,melanoma,folliculitis,0.3981,4
3d27838a69011ecde50c433353b8ba36,mycosis fungoides,mycosis fungoides,0.7683,-1
b5fb2056ffaf81e09f520b93b92d8408,scleroderma,melanoma,0.1498,-1
1fe42da54970a24725ba4ee204bfab90,dariers disease,dariers disease,0.8799,5
df09a1dd138ff208dd39d10d0e74917d,neutrophilic dermatoses,tungiasis,0.5396,5
fb1ab021788e2478d946e0198b7e2e8e,squamous cell carcinoma,scleroderma,0.1671,5
f1303ddf9ffdc1af74632def3c511080,ehlers danlos syndrome,ehlers danlos syndrome,0.9584,5
771d78153804059c92e4dc862ff6f114,neutrophilic dermatoses,folliculitis,0.5292,2
0fa21e79da60710ae829e7cc4b69b734,pityriasis rosea,pityriasis rosea,0.7617,5
7b2f8fbb2c07943cd0364ec71ecb3b0f,nematode infection,nematode infection,0.7253,3
10cb8fd5a0f5915576e9748568b3051a,nematode infection,nematode infection,0.58,1
5e8af402e0bdf6c1a76ef4bcccceb5c6,kaposi sarcoma,kaposi sarcoma,0.7419,3
d87fa6bd64bb1f1dc163260c36387ff9,dariers disease,dariers disease,0.7057,3
87ceba1e6449262726624a2512bdf9df,neutrophilic dermatoses,folliculitis,0.3888,2
94b5882641907692239e332a177271d2,lupus erythematosus,lupus erythematosus,0.8233,6
5557d8de5ee6c507a556c8d137880453,psoriasis,psoriasis,0.7466,3
857054d90680d16f729b80a8ccb306fd,erythema multiforme,hailey hailey disease,0.6527,3
4a428a1ea316f46f971d9be390a2d480,lichen planus,lichen planus,0.9159,2
dfd26175dbbc2cad9036f5e3db5cbd4a,psoriasis,allergic contact dermatitis,0.2539,2
613bb35e2fb482c4bb7a4925ec0743b3,squamous cell carcinoma,vitiligo,0.4807,2
77a394e99c20d37feefdce257f2952a2,tungiasis,tungiasis,0.7823,1
7072c83d1323001f19a1b65710c2ea47,neutrophilic dermatoses,neutrophilic dermatoses,0.7918,1
9419e8f752e60a6006274a6b923a940a,psoriasis,erythema multiforme,0.1561,5
5f2d983ff993c6f759447e8e9777ad55,lupus erythematosus,neutrophilic dermatoses,0.359,2
4dfab46ab512feae578148ae0928430a,allergic contact dermatitis,allergic contact dermatitis,0.6486,2
5f567374f688120109c2bab349ff21cf,squamous cell carcinoma,squamous cell carcinoma,0.7181,2
3828f8f30d0737a66daac5b4be4ad49a,hailey hailey disease,hailey hailey disease,0.7941,3
ee7324b30b40ace839aa4f8b795f2abb,dariers disease,psoriasis,0.3263,2
4343f98b39a54c43563b2819a20beaea,kaposi sarcoma,kaposi sarcoma,0.7781,3
a1a91e5816abf987e5fdcfba5b50cb94,squamous cell carcinoma,squamous cell carcinoma,0.898,1
c9f996db59d6e4e2f43f94f9eb8a5d1e,psoriasis,psoriasis,0.8258,4
ec640f145013a981dedb5421557ef86f,scleroderma,scleroderma,0.8657,4
72f10ad818451bab3484bac5ad6d6bf9,pityriasis rosea,pityriasis rosea,0.723,5
5f468ccefc2d2a777dbfe1b4e8a43bf3,allergic contact dermatitis,allergic contact dermatitis,0.9789,3
419bb3a812387ab2c3746892eb3226c7,lupus erythematosus,photodermatoses,0.4804,4
4d803d088631bbf84ac92d0afe3fae7f,lichen planus,dariers disease,0.5078,3
3abeec9dc8fa315b38a0bd38899f32b7,lupus erythematosus,granuloma pyogenic,0.3307,4
695d69b730848914d293f285d150d931,lichen planus,lichen planus,0.7787,4
5f5834848e3b14da13ede7598b0d644b,basal cell carcinoma,basal cell carcinoma,0.6568,3
f114c236f85ad835bb2a56a83e33219f,vitiligo,squamous cell carcinoma,0.4696,4
91a8f5704576ad4c2998f0a894a273cc,granuloma annulare,granuloma annulare,0.5411,2
88ef7d63d110d99870114f0ff018806a,folliculitis,folliculitis,0.8506,1
cf33353da56711ba0aac9a2b8a87fb5b,squamous cell carcinoma,squamous cell carcinoma,0.7845,1
8963a41497895baf186a0d5c00d13f5c,scleroderma,scleroderma,0.7129,4
2dc5c700e1ba2c10091d84c7c8818a7a,basal cell carcinoma,basal cell carcinoma,0.4975,3
034b5b3cdea7d545fed2c62e5177d33d,allergic contact dermatitis,mycosis fungoides,0.5592,3
afe7b75c9e38100b4c06443cc8942b38,folliculitis,folliculitis,0.9581,3
c118e1b0b179f299b4a814d78059c137,squamous cell carcinoma,tungiasis,0.4314,3
2e891d9a88a22d5a354bc5b3a3dab7be,nematode infection,nematode infection,0.8365,3
a635c175e16ecb941617a1f263139b95,basal cell carcinoma,basal cell carcinoma,0.9005,2
f1826087aa39cc8d805f69fa8313f34b,pityriasis rosea,pityriasis rosea,0.8749,2
f83855461747896f3735a1263f4e6d1e,keloid,keloid,0.8779,2
5f839a8480979069bcab0aac4699d85a,scabies,scabies,0.6647,-1
d7d2accfc2047164b1aa504ea0f2011f,pityriasis rosea,lichen planus,0.4231,2
57e6b7c7279cc0006c1579a7914b6400,squamous cell carcinoma,squamous cell carcinoma,0.6934,2
645611168857052753eb743e372678be,myiasis,myiasis,0.6678,3
2971a021d82a7a9274f37a549a445e01,myiasis,myiasis,0.5234,-1
1fdc07ae1aafee3e5c3aab4e3e44027b,scabies,scabies,0.8354,3
49b7ba9d1e099eef5c773e5c9e1eb98e,scleroderma,scleroderma,0.7097,1
ef4f1ca88203040e47389f10e59a3228,squamous cell carcinoma,squamous cell carcinoma,0.7785,1
d34824713baf81e9ec104e6c1d8b9791,psoriasis,psoriasis,0.486,2
5e566d87b29ea50ec4008042312241cb,pityriasis rosea,pityriasis rosea,0.5429,4
6b868b0b74caec29ab51cc950d2179ea,folliculitis,folliculitis,0.8769,3
0fb1d0763eb4256754f7c7af5a65fdbb,squamous cell carcinoma,keloid,0.5856,1
4e19d87a5a9619efe9048be75db32d04,neutrophilic dermatoses,neutrophilic dermatoses,0.9126,3
1d3998c59a0fe0223bba702a09fd9d21,myiasis,myiasis,0.7903,6
7b697f130abf536e93196535947eec7b,allergic contact dermatitis,allergic contact dermatitis,0.8867,3
5b0170b58c4b0ca85f3b5539deff2b80,psoriasis,psoriasis,0.7025,1
81ee57932374016f4f95f09836ae4013,lichen planus,mycosis fungoides,0.256,3
15dcadb8ebf1a7567ecda1b336a9c24b,lichen planus,lichen planus,0.8739,2
c6563411eefcb8bd5e1f721ee8d19bac,vitiligo,vitiligo,0.8757,-1
33a095ba2816c5f72392a929dbf177eb,kaposi sarcoma,vitiligo,0.3374,5
f0b7dce3fda2bb0b0baf6a8d64b7a060,psoriasis,psoriasis,0.8467,1
e1a6f5b0ce0cfc62d338238aae0b4fac,nematode infection,tungiasis,0.2616,2
67e02771e9d6a7fff7fbefbe21087147,allergic contact dermatitis,allergic contact dermatitis,0.7217,2
b41437521a5a933e08dab433078b82b6,granuloma annulare,granuloma annulare,0.9465,4
7b2b054b7073d352c09278efb5e35096,keloid,nematode infection,0.7945,2
785bc1ffc6a4c15620fb299c48166b38,erythema multiforme,erythema multiforme,0.7304,3
eac4a3ef188d89ba3e376553ee926b01,folliculitis,folliculitis,0.8268,3
c41ab9c1af73950c5b1f0c510d531366,squamous cell carcinoma,squamous cell carcinoma,0.6356,3
821d29df05a1b894a73a1e8a5c7ff754,squamous cell carcinoma,squamous cell carcinoma,0.7484,-1
5b0fd3a791bce69a15553e3cec20ba87,scabies,scabies,0.8527,2
1310cc8b1b8c42def1258073b85b99d4,squamous cell carcinoma,squamous cell carcinoma,0.7158,4
26a3423baeb9501ddd17245f3c60b17f,granuloma pyogenic,scabies,0.226,3
540986d8e4de9ad1772075c448dd2276,psoriasis,psoriasis,0.7944,2
e559c864ffc1419ce19d179744ddb017,pityriasis rosea,myiasis,0.1221,5
fcad83c237e9001fd33a3cf22344801b,psoriasis,photodermatoses,0.6736,4
2869dab9acf2f66a2f6a84564744e2b0,mycosis fungoides,mycosis fungoides,0.7083,4
33f9dfe5e1a2e7b6ce4c32f3cc889930,folliculitis,folliculitis,0.9059,3
92549951789c065482a6aca0e2c7b91a,lichen planus,lichen planus,0.8102,1
b07fe4f2b60c1feed26a9b23b6c2fa0d,scleroderma,scleroderma,0.7916,1
4ee002eb32ce76c88d2c2a0b825ff745,folliculitis,nematode infection,0.0486,-1
fd04b9b1add868a87ea4fe73b05f9a5b,nematode infection,nematode infection,0.643,2
6ffc4d0108a2c1d10c699fae9679d1ef,dariers disease,dariers disease,0.7417,-1
d29b99fe28ed0f1dd564207b9e69e92a,photodermatoses,lupus erythematosus,0.3766,1
99a55ba343bf11c3a8e37beb8f023684,melanoma,melanoma,0.6776,1
4c374174ba0d59f32c4ecb2f9d47dfc2,lichen planus,lichen planus,0.6265,6
016b658557ad43d6cc55ab2944e98e26,allergic contact dermatitis,allergic contact dermatitis,0.6254,-1
43ef247e736ef3bd962bc3004114f8a8,psoriasis,myiasis,0.2796,5
948a8bc554c60378239aefd769285797,hailey hailey disease,hailey hailey disease,0.7972,4
473f3594b1a24ac3109f2ace980b2953,mycosis fungoides,basal cell carcinoma,0.2244,4
2c67bb33d774f18d4ddec29f0147e08a,squamous cell carcinoma,hailey hailey disease,0.0503,3
f8683c8ed78c27fedcc6682434a6ef95,scabies,scabies,0.9448,3
1b41bb5cc9d7bf78cb3017b4bd4d6dab,squamous cell carcinoma,squamous cell carcinoma,0.7183,1
702e5440c686d9193799fb7e7351228d,neutrophilic dermatoses,neutrophilic dermatoses,0.9376,1
8bb187afabb9190d05464d9de88f4378,photodermatoses,photodermatoses,0.8544,2
8da0ad261c76d6ed8587ad2275664650,lichen planus,keloid,0.8625,5
6fb6afb84ad3fadb641d9d5673156e93,squamous cell carcinoma,squamous cell carcinoma,0.8386,1
d622d9123865f9be86da3bbd1923da9c,psoriasis,psoriasis,0.4929,1
0dd88e8ca7395d947aa4f5946ef9b9b2,tungiasis,kaposi sarcoma,0.5753,-1
3eb50995b4ce936a0f4a3c5f8e5015ba,scleroderma,scleroderma,0.5295,6
8be3d5ba1c21972d8153e43e2312b8a1,neutrophilic dermatoses,dariers disease,0.3977,1
5802610b87c8098cf71de102f2e9652d,squamous cell carcinoma,neutrophilic dermatoses,0.1412,3
b624ace41fa512f74488416fc8d80592,psoriasis,scabies,0.4661,1
59c799d5b10ad1763d6b95956539c710,erythema multiforme,erythema multiforme,0.932,3
f1b658642b6d9a5030a2fb8a0ac01532,dariers disease,dariers disease,0.7448,1
bee428af68657ff702c769092b1998c6,squamous cell carcinoma,granuloma annulare,0.3193,6
79c5a669268b48d8f15275ada89164d0,lichen planus,lichen planus,0.8307,3
7bb22c88ba0e0b1e561cdbc411922f96,tungiasis,erythema multiforme,0.7428,2
ba24273241dcd9ba0640598c12da6592,photodermatoses,photodermatoses,0.8169,2
b45313d16aef94d526f315d96a4aaaa2,squamous cell carcinoma,squamous cell carcinoma,0.7262,4
113d62a826c35dc9a1e9b9399952bbd2,erythema multiforme,erythema multiforme,0.6329,2
456a1e64ef0dbf55f88fcc15e6873f6b,scleroderma,scleroderma,0.7721,2
5adc2ec57f778d74e18a7c161b65dafb,hailey hailey disease,hailey hailey disease,0.7371,2
07c3f44536b46156450cf81a451ccedb,mycosis fungoides,mycosis fungoides,0.6446,3
48286648b219559498573ab53d83558b,pityriasis rosea,lichen planus,0.1011,2
3b59abc9f1e1de73132719a3513a12e7,hailey hailey disease,lichen planus,0.4736,2
02ac06de46ddadc68923e8c1bc8854d1,squamous cell carcinoma,squamous cell carcinoma,0.9159,-1
6b362c6741c1dcfbb52459a47ce4e44b,allergic contact dermatitis,mycosis fungoides,0.4755,2
77600e56f1cbfff3637dc43c4d8c44f0,mycosis fungoides,mycosis fungoides,0.7973,1
da90292bc5bfffe960bd3c3d4767a846,granuloma pyogenic,keloid,0.2482,3
8f6ac91d5a5d6e873cc3a21b9b2ee935,psoriasis,pityriasis rosea,0.3894,3
e2d0f7a666d346a7f149185b23a42483,basal cell carcinoma,basal cell carcinoma,0.7288,3
fe2ec633b212b6d8f60ca1bcf5843bfe,pityriasis rosea,granuloma annulare,0.3971,2
861bf164e332111c17ea45d731798616,erythema multiforme,ehlers danlos syndrome,0.4721,4
5b5b1af9c84df647a183508122737fa0,granuloma annulare,granuloma annulare,0.869,2
69f564b9263b5844f1376d1e41890093,squamous cell carcinoma,kaposi sarcoma,0.1989,1
58aa51a65eb4f1aa268eca98ab1bc7b5,squamous cell carcinoma,squamous cell carcinoma,0.8326,4
d34f9093970bfa5d468a54c31a601ae6,scleroderma,neutrophilic dermatoses,0.1287,3
6e490f7eff77ed3745e7ec803682302a,erythema multiforme,erythema multiforme,0.4956,-1
84e064c4594aa616fb9858f77a945d1a,folliculitis,folliculitis,0.8154,5
f1ad469fbb64eaefdf4de626a50cd74d,psoriasis,psoriasis,0.8743,2
6576ed10275f7f1f6902895835a32c49,lupus erythematosus,mycosis fungoides,0.2934,6
782e232de169de8134de4ef7b2cf5b66,basal cell carcinoma,basal cell carcinoma,0.8177,2
63abde0162f5d66a4e5a4b25d0f3a95a,lichen planus,photodermatoses,0.2112,2
c56a0bc61d771d3298287bdef2a570a1,tungiasis,lichen planus,0.4651,4
0b4d3115ffeae11ac35e71766a28c748,mycosis fungoides,mycosis fungoides,0.5673,5
06e752d8fe7b1970771d1dab779fa01c,allergic contact dermatitis,allergic contact dermatitis,0.977,1
ffd7f005115373b98a9a19ebae1ee863,basal cell carcinoma,basal cell carcinoma,0.6816,3
8e0dbc65555eca9b01e3e3782569b71c,lupus erythematosus,lupus erythematosus,0.705,4
00959beb7862649dc9b40e924d7050f1,scleroderma,granuloma annulare,0.1385,4
edf35e6b539a3e45719abf48ea368744,basal cell carcinoma,mycosis fungoides,0.5119,2
993ab6fbf31a0606eb3161a32e20339a,psoriasis,scleroderma,0.1228,3
fbe7bc7d01f8bc56c530ba7fa6de121c,folliculitis,folliculitis,0.8312,5
992d6a81a43ff5d7a41a751d6534a617,keloid,keloid,0.86,3
e92a337c07485c4d4dfd8e5adfac8bd6,erythema multiforme,erythema multiforme,0.8919,1
61f9b1dddd5979a6ed5459a329aca0a3,allergic contact dermatitis,allergic contact dermatitis,0.532,3
3c8898cea81673fe523d75dc4a4c0d2d,basal cell carcinoma,basal cell carcinoma,0.7711,1
7099e20144f444299f6b0eb20a70c7a0,lupus erythematosus,allergic contact dermatitis,0.0302,4
847fcdad366c2d5c7750147360a6c075,lupus erythematosus,erythema multiforme,0.3601,4
91b9cb946d6da44d95f21d89132628a5,squamous cell carcinoma,basal cell carcinoma,0.4352,3
8d0d9724e46caa4b82829e70e672fd1f,basal cell carcinoma,allergic contact dermatitis,0.7863,2
d1853c0bf74a9ce6f45f2ecd5c8c2515,erythema multiforme,melanoma,0.2657,-1
6bf57a76e354ce35747a5e1821ff40dc,mycosis fungoides,neutrophilic dermatoses,0.107,4
72033fdd3d86e80d48bd1d077b283672,tungiasis,tungiasis,0.6521,4
c52496f7204ae215e5cbf09a56e64a3b,scabies,scabies,0.9628,-1
e89ad6a20db6bbc5bac4049eb17bb0d5,erythema multiforme,erythema multiforme,0.9278,4
81715eb5254d18a4326891ac40f7cc39,lichen planus,lichen planus,0.9812,3
11bad1ca50668e9a7d6aee6b69d3bc47,kaposi sarcoma,keloid,0.3033,4
281eb10c2dc7d1cb267ae4c8a81e604f,scabies,granuloma pyogenic,0.1684,6
c3701183f51032cecc8635a1b3603a37,granuloma annulare,granuloma annulare,0.7796,4
